Source,Relation,Target
GP,bind,NPC1
GP,transport,NPC1
GP,attach,NPC1
VP24,activate,STAT1
VP24,inhibit,STAT1
VP24,induce,STAT1
VP24,phosphorylate,STAT1
VP24,express,STAT1
VP24,prevent,STAT1
VP24,signal,STAT1
GP,interact,NPC1
GP,neutralize,NPC1
VP35,inhibit,IRF3
VP35,suppress,IRF3
VP35,signal,IRF3
VP35,activate,TBK1
VP35,inhibit,TBK1
VP35,induce,TBK1
VP35,phosphorylate,TBK1
VP35,facilitate,TBK1
VP35,sequester,TBK1
VP24,translocate,STAT1
VP40,recognize,CD4
GP,interact,CD44
GP,involve,CD44
GP,express,TLR4
GP,signal,TLR4
GP,express,SOCS1
GP,signal,SOCS1
GP,interact,TLR4
GP,stimulate,TLR4
GP,induce,SOCS1
GP,enhance,TLR4
GP,stimulate,SOCS1
GP,enhance,SOCS1
GP,interact,GP2
GP,associate,TFPI
GP,regulate,TFPI
GP,target,TFPI
GP,associate,CFLAR
GP,regulate,CFLAR
GP,target,CFLAR
GP,associate,DAG1
GP,regulate,DAG1
GP,target,DAG1
VP24,induce,KPNA1
VP24,express,KPNA1
VP24,encode,KPNA1
VP24,impair,KPNA1
VP24,signal,KPNA1
GP,neutralize,PRNT
GP,target,PRNT
GP,bind,PRNT
GP,facilitate,PRNT
GP,impact,PRNT
GP,associate,ADNP
GP,activate,ADNP
GP,mediate,ADNP
GP,interact,FAS
GP,signal,FAS
GP,bind,TLR4
VP35,interact,TBK1
VP35,block,TBK1
GP,associate,CD68
GP,activate,CD68
GP,express,CD68
GP,affect,CD68
GP,disrupt,CD68
GP,impact,CD68
GP,involve,CD68
GP,bind,GP2
GP,mediate,GP2
GP,target,GP2
GP,interact,BST2
GP,associate,BST2
GP,activate,BST2
GP,induce,BST2
VP40,activate,BST2
VP40,signal,BST2
GP,inhibit,NPC1
GP,target,NPC1
GP,cleave,NPC1
GP,bind,STAT2
GP,interact,STAT2
GP,activate,STAT2
GP,inhibit,STAT2
GP,suppress,STAT2
GP,express,STAT2
GP,neutralize,STAT2
GP,target,STAT2
GP,link,FURIN
GP,link,GP2
GP,interact,GC
GP,block,NPC1
GP,neutralize,GC
GP,control,PRNT
GP,associate,CD4
GP,stimulate,CD4
GP,facilitate,NPC1
GP,cleave,FURIN
GP,transport,FURIN
GP,affect,NPC1
GP,express,FURIN
GP,control,FURIN
GP,inhibit,FURIN
GP,affect,FURIN
GP,replace,FURIN
NP,promote,SP6
L,associate,CD163
L,activate,CD163
GP,form,GP2
GP,associate,SI
GP,mediate,CD4
GP,inactivate,CD4
GP,neutralize,CD4
GP,encode,CD4
GP,control,CD4
GP,bind,SPR
GP,interact,SPR
GP,target,SPR
L,activate,CRP
L,involve,RPS3A
L,translate,RPS3A
GP,mediate,SIGLEC1
GP,involve,SIGLEC1
GP,mediate,HIP1R
GP,involve,HIP1R
GP,attach,GP2
GP,cleave,GP2
GP,associate,FURIN
GP,activate,GP2
GP,suppress,GP2
GP,neutralize,GP2
GP,bind,FURIN
GP,prevent,FURIN
VP35,express,TF
VP35,express,CD68
VP35,activate,CD68
VP35,ubiquitinate,IL6
VP35,ubiquitinate,ISG15
VP35,aggregate,ISG15
VP35,form,CD68
VP35,form,TF
GP,interact,TF
GP,express,TF
GP,target,TAT
GP,induce,CD4
NP,form,CDR2
NP,signal,CASP3
GP,trigger,GP2
GP,prevent,GP2
GP,enhance,NPC1
GP,prevent,NPC1
GP,disrupt,NPC1
GP,alter,NPC1
GP,impact,NPC1
GP,change,GP2
GP,sequester,GP2
L,inactivate,CD14
VP35,associate,AKIP1
VP35,activate,AKIP1
VP35,express,AKIP1
VP35,facilitate,AKIP1
VP35,signal,AKIP1
VP35,involve,AKIP1
VP35,interact,AKIP1
VP35,mediate,AKIP1
VP35,interact,PRKACA
VP35,associate,PRKACA
VP35,mediate,PRKACA
VP35,bind,AKIP1
VP35,enhance,AKIP1
VP35,control,AKIP1
VP35,bind,PRKACA
VP35,activate,PRKACA
VP35,enhance,PRKACA
VP35,control,PRKACA
VP35,express,PRKACA
VP35,translocate,PRKACA
VP35,translocate,AKIP1
VP35,phosphorylate,VASP
VP35,phosphorylate,CREB1
VP35,interact,ISG15
VP35,activate,ISG15
VP35,inhibit,ISG15
VP35,express,ISG15
VP35,affect,ISG15
VP35,inhibit,AKIP1
VP35,affect,AKIP1
VP35,promote,CREB1
VP35,phosphorylate,AKIP1
VP35,promote,AKIP1
VP35,activate,CREB1
VP35,suppress,CREB1
VP35,express,CREB1
VP35,suppress,PRKACA
VP35,phosphorylate,PRKACA
VP35,promote,PRKACA
VP35,induce,CREB1
NP,phosphorylate,CREB1
NP,facilitate,CREB1
NP,phosphorylate,PRKACA
NP,facilitate,PRKACA
NP,associate,CREB1
L,associate,AKIP1
L,inhibit,AKIP1
L,suppress,AKIP1
L,associate,CREB1
L,inhibit,CREB1
L,suppress,CREB1
L,interact,CREB1
L,activate,CREB1
L,involve,CREB1
VP35,modulate,CREB1
VP35,translocate,CREB1
VP35,express,SERPINB2
VP35,signal,SERPINB2
VP35,change,CREB1
VP35,regulate,CREB1
VP35,mediate,CREB1
VP35,interact,CREB1
VP35,regulate,AKIP1
L,promote,CREB1
VP35,aggregate,CREB1
VP35,involve,CREB1
VP35,activate,VASP
VP35,aggregate,VASP
VP35,involve,VASP
VP35,signal,CREB1
VP35,target,CREB1
VP35,suppress,AKIP1
VP35,inhibit,CREB1
VP35,bind,CREB1
VP35,express,G3BP1
VP30,express,AKIP1
GP,bind,EMILIN1
GP,inhibit,EMILIN1
GP,degrade,EMILIN1
VP40,bind,STAT1
VP40,activate,STAT1
VP40,inhibit,STAT1
VP40,induce,STAT1
VP40,signal,STAT1
VP40,associate,CTSG
VP40,associate,PRTN3
GP,express,MARCKS
VP40,express,MX1
GP,associate,IL2
GP,bind,CD4
GP,interact,CD4
GP,mediate,TLR4
VP35,block,IRF3
GP,activate,TLR4
GP,mediate,NPC1
GP,bind,HAVCR1
GP,encode,HAVCR1
GP,translate,FURIN
GP,translate,GP2
GP,change,JUN
GP,impact,JUN
GP,change,CIC
GP,impact,CIC
GP,activate,NPC1
NP,target,NPC1
VP40,interact,ABL1
VP40,link,ABL1
VP40,interact,NEDD4
VP40,ubiquitinate,NEDD4
VP40,facilitate,NEDD4
VP30,bind,DOK1
VP40,phosphorylate,ABL1
VP40,neutralize,KPNA1
GP,bind,ACE2
L,form,HR
GP,impair,CRP
NP,attach,HR
GP,form,FURIN
GP,impact,FURIN
GP,inhibit,BID
GP,control,BID
GP,associate,CD28
GP,activate,CD28
GP,induce,CD28
NP,utilize,TIMD4
NP,utilize,IRF1
NP,utilize,GBP5
NP,utilize,ARG1
VP30,express,ISG15
VP30,express,GBP5
VP24,block,STAT1
VP40,block,STAT1
VP40,inhibit,STAT2
VP40,block,STAT2
VP40,signal,STAT2
VP40,inhibit,STAT3
VP40,block,STAT3
VP40,signal,STAT3
VP40,inhibit,JAK1
VP40,block,JAK1
VP40,signal,JAK1
VP40,inhibit,TYK2
VP40,block,TYK2
VP40,signal,TYK2
VP40,activate,JAK1
VP40,express,GP2
GP,induce,NPC1
NP,recruit,NXF1
NP,express,NXF1
NP,facilitate,NXF1
L,recruit,CREB1
VP35,ubiquitinate,TRIM6
VP35,promote,TRIM6
GP,change,NPC1
VP30,phosphorylate,SRPK1
VP30,dephosphorylate,SRPK1
VP30,mediate,SRPK1
VP30,phosphorylate,SRPK2
VP30,dephosphorylate,SRPK2
VP30,mediate,SRPK2
VP30,recruit,SRPK1
GP,promote,NPC1
GP,bind,ASGR1
GP,bind,CD209
GP,bind,CLEC4M
GP,bind,CLEC10A
GP,bind,CLEC4G
GP,activate,XKR8
GP,transport,XKR8
GP,express,NPC1
VP40,interact,TSG101
GP,recruit,XKR8
NP,recruit,CAD
L,interact,HAVCR1
L,block,HAVCR1
L,prevent,HAVCR1
L,interact,NPC1
L,block,NPC1
L,prevent,NPC1
GP,perturb,NPC1
GP,destabilize,NPC1
GP,change,IDS
GP,change,ST13
GP,change,ST14
GP,change,ST18
GP,change,AGT
VP40,stimulate,CD14
VP40,express,CD14
VP40,activate,CD14
VP40,respond,CD14
VP40,enhance,CD14
VP40,mediate,CD14
NP,control,PC
VP24,interact,SEC13
VP24,transport,SEC13
VP24,regulate,SEC13
VP24,interact,SMARCC2
VP24,transport,SMARCC2
VP24,regulate,SMARCC2
VP24,interact,RPN1
VP24,target,RPN1
VP24,target,SMARCC2
GP,trigger,NPC1
L,bind,F5
L,activate,F5
GP,involve,GP2
GP,involve,NPC1
VP35,activate,IRF3
VP35,express,IRF3
VP35,activate,IRF7
VP35,express,IRF7
VP24,bind,STAT1
VP24,signal,IRF7
VP24,target,IRF7
VP24,signal,IRF3
VP24,target,IRF3
GP,induce,TLR4
VP35,bind,IRF3
VP35,phosphorylate,IRF3
VP35,prevent,IRF3
VP35,express,IFNB1
VP35,encode,IFNB1
VP35,signal,IFNB1
VP35,express,EIF2AK2
VP35,encode,EIF2AK2
VP35,signal,EIF2AK2
VP35,induce,IFNB1
VP35,block,IFNB1
VP35,trigger,IFNB1
VP35,change,IFNB1
VP35,control,IFNB1
VP35,change,EIF2AK2
VP35,activate,IFNB1
VP35,control,EIF2AK2
NP,target,CD68
GP,transport,CP
GP,neutralize,CP
GP,encode,GP2
GP,change,CRP
GP,change,SAA2
GP,interact,LRG1
GP,express,LRG1
GP,involve,LRG1
GP,signal,LRG1
GP,bind,LRG1
GP,activate,C1S
GP,recruit,C1S
GP,suppress,C1S
GP,express,C1S
GP,inactivate,C1S
GP,promote,C1S
GP,activate,C4B
GP,recruit,C4B
GP,suppress,C4B
GP,express,C4B
GP,inactivate,C4B
GP,promote,C4B
GP,interact,CCR5
GP,mediate,CCR5
GP,interact,CXCR4
GP,mediate,CXCR4
GP,bind,TYRO3
GP,promote,TYRO3
GP,bind,AXL
GP,promote,AXL
GP,bind,CLEC5A
GP,express,CLEC5A
GP,promote,CLEC5A
GP,express,AXL
GP,target,AXL
GP,cleave,TYRO3
GP,attach,TYRO3
GP,cleave,AXL
GP,attach,AXL
GP,cleave,MERTK
GP,attach,MERTK
VP24,bind,ISG15
VP24,block,ISG15
VP24,interfere,ISG15
GP,penetrate,NPC1
GP,maintain,PRNT
GP,block,CAT
GP,stabilize,CAT
GP,control,CAT
L,interact,TSG101
L,ubiquitinate,TSG101
L,interact,HECTD1
L,ubiquitinate,HECTD1
VP40,enhance,TG
VP35,associate,CD68
VP35,recruit,CD68
VP35,associate,CCR2
VP35,recruit,CCR2
GP,activate,APCS
GP,induce,APCS
GP,recruit,TLR4
GP,trigger,TLR4
GP,affect,TLR4
GP,modulate,TLR4
GP,control,TLR4
GP,change,GAPDH
GP,block,TLR4
GP,involve,TLR4
GP,inhibit,CD4
GP,promote,TLR4
GP,express,CD4
GP,express,CD40
GP,express,CD80
GP,control,CD40
GP,control,CD80
GP,activate,CD40
GP,stimulate,CD40
GP,induce,CD40
GP,enhance,CD40
GP,activate,CD80
GP,stimulate,CD80
GP,induce,CD80
GP,enhance,CD80
GP,express,GP2
GP,block,CD4
GP,trigger,CD40
GP,trigger,CD80
GP,activate,APC
GP,enhance,APC
GP,recognize,NPC1
GP,form,NPC1
GP,switch,NPC1
GP,control,NPC1
GP,express,C6
GP,cleave,GC
GP,form,GC
GP,inhibit,CPE
GP,neutralize,CPE
GP,bind,GC
GP,control,GC
GP,enhance,GC
GP,recognize,GP2
GP,maintain,GP2
GP,express,TBX21
GP,encode,TBX21
GP,regulate,TBX21
GP,stimulate,ICOS
GP,induce,ICOS
GP,express,ICOS
GP,prevent,MVD
GP,modulate,MVD
GP,control,MVD
GP,neutralize,MVD
GP,alter,MVD
L,bind,SPR
GP,associate,NPC1
GP,interfere,NPC1
GP,bind,TLR2
GP,activate,TLR2
GP,inhibit,TLR2
GP,modulate,TLR2
GP,induce,TLR2
GP,express,TLR2
GP,translocate,TLR2
GP,interfere,TLR2
GP,maintain,TLR2
GP,regulate,TLR2
GP,signal,TLR2
GP,bind,TLR3
GP,activate,TLR3
GP,inhibit,TLR3
GP,modulate,TLR3
GP,induce,TLR3
GP,express,TLR3
GP,translocate,TLR3
GP,interfere,TLR3
GP,maintain,TLR3
GP,regulate,TLR3
GP,signal,TLR3
GP,inhibit,TLR4
GP,translocate,TLR4
GP,interfere,TLR4
GP,maintain,TLR4
GP,regulate,TLR4
GP,bind,TLR7
GP,activate,TLR7
GP,inhibit,TLR7
GP,modulate,TLR7
GP,induce,TLR7
GP,express,TLR7
GP,translocate,TLR7
GP,interfere,TLR7
GP,maintain,TLR7
GP,regulate,TLR7
GP,signal,TLR7
GP,bind,MYD88
GP,activate,MYD88
GP,inhibit,MYD88
GP,modulate,MYD88
GP,induce,MYD88
GP,express,MYD88
GP,translocate,MYD88
GP,interfere,MYD88
GP,maintain,MYD88
GP,regulate,MYD88
GP,signal,MYD88
GP,bind,TRAF6
GP,activate,TRAF6
GP,inhibit,TRAF6
GP,modulate,TRAF6
GP,induce,TRAF6
GP,express,TRAF6
GP,translocate,TRAF6
GP,interfere,TRAF6
GP,maintain,TRAF6
GP,regulate,TRAF6
GP,signal,TRAF6
GP,bind,CAT
GP,activate,CAT
GP,inhibit,CAT
GP,modulate,CAT
GP,induce,CAT
GP,express,CAT
GP,translocate,CAT
GP,interfere,CAT
GP,maintain,CAT
GP,regulate,CAT
GP,signal,CAT
GP,bind,IRAK4
GP,activate,IRAK4
GP,inhibit,IRAK4
GP,modulate,IRAK4
GP,induce,IRAK4
GP,express,IRAK4
GP,translocate,IRAK4
GP,interfere,IRAK4
GP,maintain,IRAK4
GP,regulate,IRAK4
GP,signal,IRAK4
VP24,transport,STAT1
VP24,interfere,STAT1
GP,bind,NHS
GP,facilitate,GP2
GP,bind,IGHV6-1
GP,bind,IGKV4-1
GP,link,PRNT
GP,impact,CD4
NP,target,APC
NP,target,CD4
VP35,promote,IRF3
GP,bind,HLA-DPA1
GP,induce,GP2
GP,associate,MVD
GP,regulate,F5
GP,regulate,HRG
GP,regulate,SERPINC1
GP,regulate,KLKB1
GP,regulate,SERPIND1
GP,regulate,KNG1
GP,regulate,FGG
L,target,AFP
GP,control,F11
GP,promote,F11
VP40,express,ISG15
VP40,ubiquitinate,ISG15
VP40,interact,ISG15
VP40,activate,ISG15
VP40,inhibit,ISG15
VP40,block,ISG15
VP40,activate,NEDD4
VP40,inhibit,NEDD4
VP40,block,NEDD4
VP40,enhance,NEDD4
VP40,acetylate,NEDD4
VP40,regulate,NEDD4
VP40,promote,NEDD4
VP40,transport,NEDD4
VP40,ubiquitinate,TSG101
VP40,acetylate,TSG101
VP40,transport,TSG101
VP40,control,NEDD4
VP40,utilize,NEDD4
VP40,involve,NEDD4
VP40,express,NEDD4
VP40,mediate,NEDD4
VP40,alter,NEDD4
VP40,signal,NEDD4
VP40,change,NEDD4
VP40,interact,WWP2
VP40,acetylate,WWP2
VP40,affect,WWP2
VP40,affect,NEDD4
VP40,associate,WWP2
VP40,enhance,WWP2
VP40,change,WWP2
VP40,associate,NEDD4
VP40,interact,BAG3
VP40,impair,NEDD4
GP,utilize,NPC1
VP40,neutralize,PRNT
GP,modulate,NPC1
L,bind,NPC1
L,cleave,NPC1
GP,stimulate,IL2
GP,induce,IL2
GP,stimulate,GP2
GP,express,IL2
GP,disrupt,GP2
GP,stabilize,NPC1
GP,associate,SPR
GP,enhance,SPR
GP,bind,CD163
GP,activate,CD163
GP,express,CD163
VP24,impair,STAT1
VP24,involve,STAT1
L,change,ALB
GP,signal,GP2
GP,change,TLR4
GP,stabilize,TLR4
GP,prevent,TLR4
GP,impact,TLR4
GP,degrade,TLR4
GP,form,TLR4
GP,target,TLR4
GP,affect,FER
GP,control,FER
GP,maintain,FER
GP,express,SI
GP,recognize,SI
GP,activate,SI
GP,neutralize,SI
GP,induce,SI
GP,bind,SI
GP,translate,SI
GP,activate,CD4
GP,bind,LCK
GP,signal,LCK
GP,bind,CD69
GP,signal,CD69
GP,bind,CCR7
GP,bind,CD38
GP,activate,CD38
NP,signal,GAPDH
GP,stabilize,GP2
GP,destabilize,GP2
VP24,bind,KPNA1
VP24,bind,KPNA5
VP24,express,KPNA5
VP24,bind,KPNA6
VP24,express,KPNA6
GP,impair,CD4
GP,block,FURIN
GP,interact,IRF7
GP,activate,IRF7
GP,prevent,IRF7
GP,interfere,IRF7
GP,signal,IRF7
L,associate,NPC1
L,express,NPC1
VP35,interact,DYNLL1
VP35,sequester,ATMIN
VP35,sequester,DYNLL1
NP,control,MAX
NP,interact,AP1M1
NP,interact,AP1G1
GP,attach,FURIN
NP,induce,CD4
NP,control,CD4
GP,activate,BCR
GP,modulate,BCR
GP,signal,BCR
GP,interact,TIFA
GP,associate,TIFA
GP,express,TIFA
GP,involve,TIFA
GP,associate,GC
GP,target,GC
L,stimulate,ALB
GP,block,GP2
GP,interfere,GP2
VP24,target,STAT1
GP,cooperate,GP2
GP,express,STAT1
GP,bind,MFI
GP,transform,MFI
GP,express,CCR5
GP,express,NEB
GP,trigger,AXL
GP,transport,AXL
GP,change,AXL
NP,target,F3
GP,bind,LAMP1
GP,attach,LAMP1
GP,enable,NPC1
GP,enhance,LAMP1
L,maintain,LAMP1
GP,control,CD19
GP,change,CD4
GP,activate,MIP
GP,induce,MIP
GP,signal,MIP
GP,activate,TNF
GP,induce,TNF
GP,signal,TNF
GP,interact,FURIN
GP,connect,FURIN
GP,connect,GP2
GP,control,TH
VP24,prevent,CD80
VP24,prevent,CD86
GP,activate,CD83
GP,induce,CD83
GP,express,CD83
GP,activate,CD86
GP,induce,CD86
GP,express,CD86
VP35,bind,F9
L,express,ASS1
L,aggregate,MAVS
GP,block,CD2
GP,express,CD2
GP,recognize,CD2
GP,associate,CPE
GP,express,CPE
GP,affect,CPE
GP,impact,CPE
GP,link,CPE
L,facilitate,NPC1
GP,target,FURIN
GP,activate,RAC1
GP,stimulate,RAC1
GP,trigger,RAC1
GP,promote,RAC1
GP,signal,RAC1
GP,associate,GP2
L,change,ADA
L,change,PML
L,express,IRF1
L,regulate,IRF1
L,express,IRF9
L,regulate,IRF9
GP,stimulate,IRF1
GP,inhibit,IRF1
GP,express,IRF1
GP,alter,IRF1
GP,signal,IRF1
GP,target,IRF1
GP,control,IRF1
GP,inhibit,GBP5
GP,express,GBP5
GP,inhibit,VAMP5
GP,express,VAMP5
GP,activate,STAT1
GP,inhibit,STAT1
GP,phosphorylate,STAT1
GP,control,STAT1
GP,regulate,STAT1
GP,inhibit,GBP4
GP,inhibit,IFIT3
GP,inhibit,IFI27
GP,inhibit,C1S
GP,bind,IRF1
GP,bind,VAMP5
GP,stimulate,VAMP5
GP,replace,IRF1
L,recruit,CP
L,inhibit,SI
L,involve,DIO2
L,recruit,DIO2
L,interact,DIO2
L,express,DIO2
L,signal,DIO2
L,associate,DIO2
L,modulate,DIO2
L,link,DIO2
L,target,DIO2
VP30,encode,GC
VP35,affect,CD68
VP35,control,CD68
GP,interact,HSPA1A
GP,control,HSPA1A
GP,interact,MAPK11
GP,control,MAPK11
GP,interact,NTRK1
GP,control,NTRK1
GP,interact,FLT4
GP,control,FLT4
GP,interact,HSPA8
GP,control,HSPA8
GP,interact,HSP90AB1
GP,control,HSP90AB1
GP,interact,YWHAZ
GP,control,YWHAZ
GP,interact,ARFGAP1
GP,control,ARFGAP1
GP,interact,ANXA5
GP,control,ANXA5
VP40,associate,C2
VP40,transport,C2
GP,signal,FURIN
VP40,express,IQGAP1
VP40,ubiquitinate,IQGAP1
VP40,transport,IQGAP1
VP40,regulate,IQGAP1
VP40,express,SEC24C
VP40,ubiquitinate,SEC24C
VP40,transport,SEC24C
VP40,regulate,SEC24C
VP40,suppress,RAB11A
VP40,control,RAB11A
VP40,control,GAPDH
VP40,signal,GAPDH
VP40,bind,SEC24C
VP40,enhance,SEC24C
VP40,alter,SEC24C
VP40,mediate,MET
VP40,interact,SEC24C
VP40,phosphorylate,TYR
VP35,translocate,IRF3
L,inhibit,TG
L,induce,TG
L,trigger,TG
L,express,TG
L,enhance,TG
L,control,TG
NP,induce,TG
L,maintain,TG
L,translate,TG
L,respond,TG
L,enhance,ATF4
L,encode,ATF4
L,translate,ATF4
VP30,inhibit,MAP3K5
VP30,express,MAP3K5
VP30,inhibit,IFI6
VP30,express,IFI6
VP30,express,BTN3A3
VP30,inhibit,BTN3A3
GP,inhibit,IFITM3
GP,express,IFITM3
GP,encode,IFITM3
GP,control,IFITM3
GP,activate,IFITM3
GP,interfere,AKT3
GP,inhibit,ODC1
GP,induce,ODC1
GP,inhibit,AKT3
GP,induce,AKT3
GP,inhibit,FLT1
GP,induce,FLT1
GP,mediate,ODC1
GP,inhibit,BST2
GP,control,BST2
NP,inhibit,CCDC92
NP,express,CCDC92
NP,interact,CCDC92
NP,activate,CCDC92
NP,prevent,CCDC92
NP,form,CCDC92
NP,aggregate,CCDC92
NP,signal,CCDC92
VP30,suppress,CCDC92
VP30,express,CCDC92
NP,bind,CCDC92
VP30,interact,CCDC92
VP30,inhibit,CCDC92
VP40,inhibit,CCDC92
VP40,express,CCDC92
VP40,interact,CCDC92
NP,express,BTN3A3
VP30,control,CCDC92
VP30,control,BTN3A3
VP40,bind,CCDC92
VP40,disrupt,CCDC92
NP,control,CCDC92
NP,affect,BTN3A3
VP30,activate,CCDC92
NP,mediate,CCDC92
NP,impact,CCDC92
NP,interfere,CCDC92
L,interact,CCDC92
L,express,CCDC92
NP,associate,CCDC92
VP30,form,CCDC92
NP,involve,CCDC92
NP,disrupt,CCDC92
GP,inhibit,CCDC92
VP40,transport,CCDC92
VP30,bind,CCDC92
VP30,target,CCDC92
VP30,encode,BTN3A3
GP,express,BTN3A3
GP,encode,BTN3A3
GP,mediate,IFITM3
GP,signal,PFKFB3
GP,signal,ODC1
GP,signal,MAP3K5
GP,signal,AKT3
GP,signal,GBP2
GP,signal,DCP1A
GP,signal,BTN3A3
GP,signal,CCDC92
GP,signal,FLT1
VP30,interact,SET
VP30,recruit,SET
VP30,regulate,SET
VP30,interact,SMYD3
VP30,recruit,SMYD3
VP30,regulate,SMYD3
NP,transport,NXF1
NP,interact,RUVBL2
NP,form,RUVBL2
VP35,interact,PIAS1
VP35,activate,PIAS1
VP35,suppress,PIAS1
VP40,activate,GP2
VP40,stimulate,GP2
VP40,promote,GP2
VP40,signal,GP2
VP24,interact,STAT1
VP24,activate,GP2
VP24,change,GP2
VP24,signal,GP2
GP,signal,NPC1
GP,express,ADNP
GP,enhance,CLEC4G
GP,facilitate,AXL
GP,interact,TYRO3
VP40,form,TSG101
VP40,translocate,TSG101
VP40,associate,GP2
VP40,regulate,GP2
GP,induce,TYRO3
VP40,promote,ACE2
GP,express,ACE2
GP,activate,FURIN
GP,mediate,TYRO3
GP,mediate,AXL
VP24,impair,KPNA5
VP24,impair,KPNA6
VP24,interact,KPNA5
VP24,affect,KPNA5
VP24,change,KPNA5
VP24,encode,KPNA5
VP24,form,KPNA5
L,stabilize,KPNA5
L,change,KPNA5
VP24,involve,KPNA5
GP,activate,CTLA4
GP,inhibit,CTLA4
GP,express,CTLA4
GP,enhance,CTLA4
GP,promote,CTLA4
GP,target,CTLA4
L,bind,GDNF
L,inhibit,GDNF
L,express,GDNF
L,prevent,GDNF
L,degrade,GDNF
L,transport,GDNF
L,aggregate,GDNF
L,target,GDNF
L,bind,HTT
L,inhibit,HTT
L,express,HTT
L,prevent,HTT
L,degrade,HTT
L,transport,HTT
L,aggregate,HTT
L,target,HTT
L,bind,ADA
L,inhibit,ADA
L,express,ADA
L,prevent,ADA
L,degrade,ADA
L,transport,ADA
L,aggregate,ADA
L,target,ADA
L,bind,ABCD1
L,inhibit,ABCD1
L,express,ABCD1
L,prevent,ABCD1
L,degrade,ABCD1
L,transport,ABCD1
L,aggregate,ABCD1
L,target,ABCD1
L,bind,IL2RG
L,inhibit,IL2RG
L,express,IL2RG
L,prevent,IL2RG
L,degrade,IL2RG
L,transport,IL2RG
L,aggregate,IL2RG
L,target,IL2RG
L,bind,MECP2
L,inhibit,MECP2
L,express,MECP2
L,prevent,MECP2
L,degrade,MECP2
L,transport,MECP2
L,aggregate,MECP2
L,target,MECP2
L,bind,PABPN1
L,inhibit,PABPN1
L,express,PABPN1
L,prevent,PABPN1
L,degrade,PABPN1
L,transport,PABPN1
L,aggregate,PABPN1
L,target,PABPN1
GP,bind,CXCR4
GP,activate,CXCR4
GP,modulate,CXCR4
GP,trigger,CXCR4
GP,signal,CXCR4
GP,bind,CCR5
GP,activate,CCR5
GP,modulate,CCR5
GP,trigger,CCR5
GP,signal,CCR5
L,activate,LIMK1
L,inhibit,LIMK1
L,block,LIMK1
L,disrupt,LIMK1
L,involve,LIMK1
L,inhibit,LRRK2
L,impact,LRRK2
L,inhibit,FLT3
L,impact,FLT3
L,inhibit,ROCK2
L,impact,ROCK2
L,block,VWF
GP,translocate,NPC2
VP24,induce,ZAP70
VP24,phosphorylate,ZAP70
VP24,impair,ZAP70
VP24,signal,ZAP70
GP,associate,MYD88
GP,transform,MYD88
GP,bind,MAP3K7
GP,associate,MAP3K7
GP,activate,MAP3K7
GP,translocate,MAP3K7
GP,transform,MAP3K7
GP,bind,TRAM1
GP,associate,TRAM1
GP,activate,TRAM1
GP,translocate,TRAM1
GP,transform,TRAM1
GP,bind,TBK1
GP,associate,TBK1
GP,activate,TBK1
GP,translocate,TBK1
GP,transform,TBK1
GP,bind,IRF3
GP,associate,IRF3
GP,activate,IRF3
GP,translocate,IRF3
GP,transform,IRF3
VP40,trigger,HSPA1B
VP40,transform,HSPA1B
VP35,target,IFNB1
VP35,target,CXCL10
VP24,express,IFNB1
VP24,signal,IFNB1
VP24,express,CXCL10
VP24,signal,CXCL10
VP35,express,CXCL10
VP35,signal,CXCL10
L,express,HR
GP,induce,EHF
GP,switch,CD4
GP,target,CD4
VP40,phosphorylate,STAT1
VP40,mediate,STAT1
VP40,interfere,STAT1
VP40,phosphorylate,STAT2
VP40,mediate,STAT2
VP40,interfere,STAT2
VP35,activate,ATM
VP35,block,ATM
VP35,promote,ATM
VP35,control,ATM
VP35,target,ATM
VP35,control,TOP2A
VP35,phosphorylate,ATM
VP35,activate,TOP2A
VP35,express,TOP2A
VP35,promote,TOP2A
VP35,bind,CGAS
VP35,express,CGAS
VP35,activate,CGAS
VP35,inhibit,CGAS
VP35,block,CGAS
VP35,promote,CGAS
VP35,signal,CGAS
VP35,control,CGAS
VP35,express,ATM
VP35,inhibit,ATM
VP35,induce,ATM
VP35,impair,ATM
VP35,suppress,ATM
VP35,affect,TBK1
VP35,impair,TBK1
VP35,bind,TBK1
VP35,signal,TBK1
VP35,trigger,ATM
VP30,express,SRPK1
VP30,enhance,SRPK1
VP30,regulate,SRPK1
VP30,phosphorylate,RIOK2
VP30,express,RIOK2
VP30,express,SRPK2
VP30,control,SRPK1
VP30,control,RIOK2
VP30,control,SRPK2
VP30,replace,SRPK1
VP30,activate,SRPK1
VP30,form,SRPK1
VP30,inhibit,SRPK1
VP30,encode,SRPK1
VP30,promote,SRPK1
VP30,target,SRPK1
VP30,modulate,SRPK1
VP30,impair,SRPK1
VP30,interact,SRPK1
VP30,signal,SRPK1
VP30,recognize,SRPK1
VP30,involve,SRPK1
VP30,enable,SRPK1
GP,bind,CTSB
GP,regulate,CTSB
GP,bind,CTSL
GP,regulate,CTSL
GP,regulate,NPC1
GP,bind,SPNS1
GP,regulate,SPNS1
GP,bind,UVRAG
GP,regulate,UVRAG
GP,bind,PIKFYVE
GP,regulate,PIKFYVE
GP,bind,FIG4
GP,regulate,FIG4
GP,bind,EXT1
GP,regulate,EXT1
VP40,interact,PIK3C3
VP40,express,PIK3C3
VP40,attach,PIK3C3
VP40,involve,PIK3C3
VP40,regulate,PIK3C3
VP40,interact,TIMM10
VP40,express,TIMM10
VP40,attach,TIMM10
VP40,involve,TIMM10
VP40,regulate,TIMM10
VP40,interact,MMS19
VP40,express,MMS19
VP40,attach,MMS19
VP40,involve,MMS19
VP40,regulate,MMS19
VP40,interact,CIAO2B
VP40,express,CIAO2B
VP40,attach,CIAO2B
VP40,involve,CIAO2B
VP40,regulate,CIAO2B
VP40,interact,UGDH
VP40,express,UGDH
VP40,attach,UGDH
VP40,involve,UGDH
VP40,regulate,UGDH
VP40,interact,TM9SF2
VP40,express,TM9SF2
VP40,attach,TM9SF2
VP40,involve,TM9SF2
VP40,regulate,TM9SF2
VP40,interact,PTAR1
VP40,express,PTAR1
VP40,attach,PTAR1
VP40,involve,PTAR1
VP40,regulate,PTAR1
VP30,interact,HSP90B1
VP30,modulate,HSP90B1
VP30,regulate,HSP90B1
VP30,interact,UNC45A
VP30,modulate,UNC45A
VP30,regulate,UNC45A
VP30,interact,ITGB1
VP30,modulate,ITGB1
VP30,regulate,ITGB1
VP30,interact,ITGB5
VP30,modulate,ITGB5
VP30,regulate,ITGB5
VP30,interact,ITGAV
VP30,modulate,ITGAV
VP30,regulate,ITGAV
VP30,interact,CNOT10
VP30,modulate,CNOT10
VP30,regulate,CNOT10
VP30,interact,TAF5L
VP30,modulate,TAF5L
VP30,regulate,TAF5L
VP30,interact,TAF6L
VP30,modulate,TAF6L
VP30,regulate,TAF6L
VP30,interact,TADA2B
VP30,modulate,TADA2B
VP30,regulate,TADA2B
NP,bind,PABPC1
NP,interact,PABPC1
NP,express,PABPC1
VP35,express,NPC1
VP35,regulate,NPC1
VP35,express,ITGB1
VP35,regulate,ITGB1
VP35,regulate,PIK3C3
NP,affect,CAD
VP35,express,ITGAV
VP35,express,LAMP1
VP35,express,IMPACT
VP35,affect,IMPACT
VP35,change,IMPACT
VP35,impact,IMPACT
VP35,control,STRAP
VP35,recruit,STRAP
VP35,associate,STRAP
VP30,associate,STRAP
VP30,signal,STRAP
VP35,impact,STRAP
VP35,involve,STRAP
VP35,sequester,STRAP
VP35,switch,STRAP
GP,replace,NPC1
GP,recruit,NPC1
NP,connect,TNFAIP2
L,inhibit,NPC1
VP40,bind,CAPG
VP40,express,CAPG
VP40,encode,CAPG
VP40,target,CAPG
GP,associate,CAPG
VP40,signal,CAPG
GP,interact,CAPG
VP35,signal,CAPG
VP40,associate,CAPG
VP40,interact,CAPG
VP40,involve,CAPG
VP40,bind,TSG101
VP40,associate,TSG101
VP40,control,TSG101
VP40,bind,PABPC1
VP40,associate,PABPC1
VP40,control,PABPC1
VP40,mediate,CAPG
VP40,affect,CAPG
VP40,form,CAPG
VP40,signal,TSG101
GP,modulate,GP2
VP30,bind,TAT
VP40,modulate,SMURF2
VP40,ubiquitinate,SMURF2
VP40,promote,SMURF2
VP40,modulate,NEDD4
VP40,modulate,ITCH
VP40,ubiquitinate,ITCH
VP40,promote,ITCH
VP40,modulate,WWP1
VP40,ubiquitinate,WWP1
VP40,promote,WWP1
VP35,interact,USP5
VP35,activate,USP5
VP35,cleave,USP5
VP35,involve,TRIM6
VP40,facilitate,TSG101
VP40,connect,TSG101
VP40,express,TSG101
VP40,change,TSG101
VP40,enhance,ISG15
VP40,interact,ITCH
VP40,signal,ITCH
VP40,interact,WWP1
VP40,signal,WWP1
VP40,interact,SOCS3
VP40,ubiquitinate,SOCS3
VP40,signal,SOCS3
VP40,target,NEDD4
VP40,prevent,ISG15
NP,inhibit,BRD3
NP,acetylate,BRD3
NP,translocate,BRD3
NP,recruit,SMYD3
NP,regulate,SMYD3
NP,target,SMYD3
NP,recruit,BRD4
NP,regulate,BRD4
NP,target,BRD4
GP,involve,AXL
GP,recruit,CD68
GP,induce,CD68
GP,mediate,CD68
GP,promote,GP2
L,change,AGRN
L,change,CKB
L,change,CTSL
L,change,FUCA2
L,change,GALNT2
L,change,HEXB
L,change,HPRT1
L,change,S100A8
L,change,TMEM132A
L,change,TPP1
L,change,TUBA1B
L,change,WFIKKN2
L,change,PPIB
L,change,PROZ
L,change,S100B
NP,associate,NPC1
L,activate,NPC1
GP,activate,GNPTAB
GP,transport,GNPTAB
GP,impair,GNPTAB
NP,bind,STAU1
VP35,change,STAU1
VP35,signal,STAU1
NP,interact,STAU1
NP,activate,STAU1
NP,express,STAU1
VP35,interact,STAU1
VP30,interact,STAU1
VP35,link,STAU1
VP35,inhibit,STAU1
NP,associate,STAU1
NP,alter,STAU1
NP,recruit,STAU1
NP,form,STAU1
VP35,recruit,STAU1
VP35,aggregate,STAU1
VP30,associate,STAU1
NP,interact,HNRNPL
NP,associate,HNRNPL
NP,interact,ILF2
NP,associate,ILF2
NP,interact,ILF3
NP,associate,ILF3
NP,promote,STAU1
NP,translate,STAU1
VP35,form,STAU1
NP,facilitate,STAU1
NP,link,STAU1
L,associate,CRP
GP,express,GALNT1
GP,encode,GALNT1
GP,express,GALNT2
GP,encode,GALNT2
GP,express,LAMP1
GP,encode,MYC
GP,encode,CAT
GP,activate,ADAR
GP,target,ADAR
NP,target,SI
VP30,bind,RBBP6
VP30,interact,RBBP6
VP30,ubiquitinate,RBBP6
VP30,regulate,RBBP6
VP30,inhibit,RBBP6
VP30,stimulate,RBBP6
GP,activate,SPR
GP,neutralize,SPR
GP,activate,HERC5
VP30,express,HERC5
VP30,target,HERC5
VP40,inhibit,HERC5
VP40,interfere,HERC5
VP40,control,HERC5
VP40,target,HERC5
VP40,alter,HERC4
VP40,control,HERC4
VP40,express,HERC5
VP40,impact,HERC5
VP30,control,HERC5
VP40,involve,HERC5
VP40,enhance,HERC5
GP,suppress,HERC5
GP,inhibit,HERC5
GP,utilize,HERC5
GP,express,HERC5
GP,control,HERC5
VP40,disrupt,ISG15
VP24,associate,HERC5
GP,alter,HERC5
GP,interfere,HERC5
GP,target,HERC5
VP24,bind,STAT3
VP24,interact,STAT3
VP24,inhibit,STAT3
VP24,enable,STAT3
VP24,signal,STAT3
VP24,bind,NES
VP24,involve,NES
L,mediate,NES
VP24,activate,NES
VP24,mediate,NES
VP24,disrupt,STAT1
GP,mediate,FURIN
GP,transmit,NPC1
GP,transmit,GP2
GP,inhibit,GP2
GP,replace,GP2
VP40,bind,SPR
VP40,bind,XKR8
VP40,activate,XKR8
VP40,recruit,TSG101
VP40,involve,TSG101
VP40,promote,TSG101
GP,control,GP2
VP40,express,GAPDH
GP,attach,TLR4
VP35,induce,IRF7
VP35,disrupt,IRF7
VP40,recruit,SUMO2
VP40,involve,SUMO2
VP40,stabilize,SUMO2
L,bind,TYRO3
L,attach,TYRO3
L,activate,CTSL
L,inhibit,CTSL
VP30,induce,GCA
VP30,change,GCA
VP30,induce,GCG
VP30,change,GCG
VP30,induce,GAA
VP30,change,GAA
GP,enhance,GP2
L,attach,GP2
L,facilitate,GP2
L,replace,GP2
GP,affect,GP2
VP35,bind,PDF
VP35,interact,PDF
NP,interact,PDF
NP,enhance,PDF
NP,bind,SMYD3
NP,activate,SMYD3
NP,impair,SMYD3
VP30,dephosphorylate,SMYD3
VP30,affect,SMYD3
VP30,promote,SMYD3
VP30,activate,SMYD3
NP,associate,SMYD3
NP,facilitate,SMYD3
NP,utilize,SMYD3
NP,associate,SET
VP30,control,SMYD3
NP,interact,SMYD3
VP30,form,SMYD3
NP,induce,SMYD3
VP30,express,SMYD3
NP,mediate,SMYD3
NP,recruit,EIF3B
NP,mediate,EIF3B
NP,recruit,G3BP1
NP,mediate,G3BP1
NP,encode,SMYD3
VP30,bind,SMYD3
VP30,prevent,SMYD3
VP30,involve,SMYD3
VP30,inhibit,SMYD3
VP30,associate,SMYD3
VP30,activate,STAT1
VP30,suppress,STAT1
VP30,phosphorylate,STAT1
VP30,promote,STAT1
VP30,signal,STAT1
VP30,activate,STAT2
VP30,suppress,STAT2
VP30,phosphorylate,STAT2
VP30,promote,STAT2
VP30,signal,STAT2
VP30,inhibit,STAT1
VP30,inhibit,STAT2
VP30,block,STAT1
VP30,translocate,STAT1
VP35,inhibit,STAT1
VP35,phosphorylate,STAT1
VP35,inhibit,STAT2
VP35,phosphorylate,STAT2
VP35,alter,CPE
VP30,activate,NXF1
VP30,dephosphorylate,NXF1
VP30,translate,NXF1
L,activate,RBBP6
L,inhibit,RBBP6
GP,inhibit,CD74
GP,mediate,CD74
L,target,SLN
L,target,MLN
VP40,associate,PML
VP40,express,PML
VP35,interfere,PML
GP,form,TH
GP,recruit,TH
GP,induce,TH
GP,promote,TH
GP,switch,TH
GP,associate,TH
GP,neutralize,TH
GP,replace,TH
GP,express,TH
GP,change,TH
GP,recruit,CD4
GP,recognize,TH
VP24,associate,STAT1
NP,express,USP18
NP,control,USP18
L,inhibit,ISG20
L,block,ISG20
L,degrade,ISG20
L,target,ISG20
L,translate,ISG20
L,inhibit,BST2
L,block,BST2
L,degrade,BST2
L,target,BST2
L,translate,BST2
GP,enhance,AXL
GP,signal,AXL
GP,block,EGF
GP,modulate,EGF
GP,prevent,EGF
GP,facilitate,EGF
GP,signal,EGF
GP,block,EGFR
GP,modulate,EGFR
GP,prevent,EGFR
GP,facilitate,EGFR
GP,signal,EGFR
VP40,interact,SMURF2
GP,enhance,KIT
L,mediate,TSG101
VP24,suppress,STAT1
VP24,bind,PIP
VP24,interact,PTMS
VP24,express,PTMS
VP24,interact,ATP1A1
VP40,bind,CDK4
VP40,modulate,CDK4
VP40,affect,CDK4
VP40,regulate,CDK4
VP40,bind,CDK6
VP40,modulate,CDK6
VP40,affect,CDK6
VP40,regulate,CDK6
GP,block,HDAC1
GP,signal,HDAC1
VP40,alter,CD63
VP35,suppress,TBK1
NP,induce,IRF3
NP,express,IRF3
NP,form,IRF3
VP30,encode,IRF3
VP30,involve,IRF3
NP,interact,IRF3
NP,sequester,IRF3
VP30,sequester,IRF3
NP,involve,IRF3
NP,interact,TBK1
NP,involve,TBK1
VP35,interact,IRF3
VP35,associate,IRF3
VP35,stimulate,IRF3
VP35,recruit,IRF3
NP,suppress,IRF3
VP30,express,IRF3
VP30,inhibit,IRF3
VP30,inhibit,CXCL10
VP30,express,CXCL10
VP30,inhibit,ISG15
VP30,promote,IRF3
VP30,suppress,CXCL10
VP30,promote,CXCL10
VP30,suppress,ISG15
VP30,promote,ISG15
NP,signal,IRF3
NP,form,TBK1
NP,sequester,TBK1
NP,signal,TBK1
NP,recruit,IRF3
VP35,sequester,IRF3
VP35,associate,TBK1
VP35,prevent,TBK1
VP35,disrupt,IRF3
VP30,signal,TBK1
VP30,signal,IRF3
NP,bind,NPS
NP,encode,NPS
NP,involve,NPS
L,activate,CTSB
L,facilitate,CTSB
L,facilitate,CTSL
L,inhibit,CTSB
L,mediate,CTSB
L,mediate,CTSL
GP,associate,ANKFY1
GP,encode,BECN1
GP,encode,ATG7
VP35,activate,STAT1
VP35,block,STAT1
VP35,prevent,STAT1
VP35,respond,STAT1
VP35,signal,STAT1
VP35,target,STAT1
GP,bind,NPC2
GP,interact,NPC2
GP,modulate,NPC2
VP30,activate,MET
VP30,target,MET
VP30,phosphorylate,AKT1
VP30,control,AKT1
VP30,express,EGFR
VP30,activate,AKT1
VP30,express,AKT1
VP30,phosphorylate,EGFR
GP,activate,EGFR
GP,express,EGFR
GP,control,EGFR
VP30,activate,EGFR
VP30,enhance,EGFR
VP30,control,EGFR
VP30,interact,TYRO3
VP30,phosphorylate,TYRO3
VP30,interact,MERTK
VP30,phosphorylate,MERTK
VP30,interact,AXL
VP30,phosphorylate,AXL
VP30,control,TYRO3
VP30,impair,AKT1
VP30,bind,TYRO3
VP30,induce,TYRO3
VP30,induce,MERTK
GP,bind,SOCS1
GP,bind,SOCS3
GP,express,TYRO3
GP,encode,TYRO3
GP,express,MERTK
GP,encode,MERTK
VP30,encode,EGFR
VP30,signal,MET
VP30,signal,EGFR
VP30,signal,AKT1
VP30,signal,TYRO3
VP30,signal,AXL
VP30,signal,MERTK
VP30,express,MERTK
VP30,interact,GSPT1
NP,form,DSP
VP30,interact,HNRNPUL1
VP30,interact,PEG10
NP,express,DSP
GP,control,HAP1
GP,interact,CD68
NP,stimulate,CD4
GP,control,MFI
L,interact,APEX2
L,activate,APEX2
L,join,APEX2
VP40,impact,PRCC
VP30,bind,METTL3
VP30,interact,METTL3
VP30,activate,METTL3
NP,interact,METTL3
VP30,recruit,METTL3
VP30,form,METTL3
VP30,express,METTL3
VP35,involve,TBK1
VP35,involve,IRF3
GP,control,ADNP
GP,target,ADNP
GP,interact,C5
GP,form,C5
GP,stimulate,CXCR5
GP,express,CXCR5
GP,associate,CXCR3
GP,express,CXCR3
GP,impact,CXCR3
GP,associate,CCR6
GP,express,CCR6
GP,impact,CCR6
GP,associate,CXCR5
GP,impact,CXCR5
NP,inhibit,OSM
VP24,express,STAT3
VP24,affect,STAT3
VP24,control,STAT3
VP24,inhibit,OSM
VP24,induce,OSM
VP24,target,STAT3
VP24,express,OSM
VP24,activate,STAT3
NP,interact,STAT3
NP,enhance,STAT3
NP,regulate,STAT3
NP,express,STAT3
NP,express,OSM
NP,control,STAT3
NP,inhibit,STAT3
VP24,involve,STAT3
VP24,promote,STAT3
VP24,inhibit,SOCS3
VP24,suppress,SOCS3
VP24,express,SOCS3
VP24,signal,SOCS3
VP24,mediate,STAT3
VP24,mediate,STAT1
VP24,suppress,STAT3
VP24,phosphorylate,STAT3
VP24,alter,STAT3
VP24,impact,STAT3
VP24,associate,STAT3
VP24,induce,STAT3
VP24,bind,OSM
VP24,prevent,STAT3
VP24,form,STAT3
VP24,phosphorylate,OSM
VP24,form,OSM
VP40,target,STAT1
VP40,activate,STAT3
VP40,target,STAT3
VP35,encode,CD40
VP35,encode,LCK
VP35,encode,TANK
VP35,express,TNF
VP35,enhance,TNF
VP35,regulate,TNF
VP35,target,TNF
VP35,activate,MBP
VP35,inhibit,MBP
VP35,express,TBK1
VP35,encode,TBK1
VP35,express,LCK
VP35,express,CD40
VP35,enhance,LCK
VP35,enhance,CD40
GP,activate,MFI
GP,neutralize,MFI
GP,express,CD14
VP40,enhance,GAPDH
GP,induce,PRNT
NP,interact,TRIM25
NP,induce,TRIM25
NP,promote,TRIM25
GP,activate,TRIM25
GP,inhibit,TRIM25
GP,block,TRIM25
GP,express,TRIM25
GP,affect,TRIM25
L,interact,TRIM25
L,activate,TRIM25
L,express,TRIM25
L,target,TRIM25
L,impact,TRIM25
L,affect,TRIM25
NP,ubiquitinate,TRIM25
NP,facilitate,TRIM25
NP,target,TRIM25
L,induce,TRIM25
L,facilitate,TRIM25
L,link,TRIM25
NP,express,TRIM25
NP,activate,TRIM25
NP,associate,TRIM25
NP,cleave,TRIM25
NP,cleave,ISG15
NP,express,ISG15
NP,ubiquitinate,ISG15
NP,signal,TRIM25
NP,degrade,TRIM25
NP,block,TRIM25
NP,recruit,TRIM25
NP,aggregate,TRIM25
NP,mediate,TRIM25
NP,prevent,TRIM25
NP,affect,TRIM25
NP,stimulate,TRIM25
NP,bind,TRIM25
NP,ubiquitinate,TRIM21
NP,target,TRIM21
NP,induce,ISG15
VP35,activate,TRIM25
VP35,inhibit,TRIM25
VP35,express,TRIM25
VP30,express,TRIM25
VP30,ubiquitinate,TRIM25
NP,ubiquitinate,MAVS
NP,control,TRIM25
GP,encode,IFNAR1
L,control,NPC1
VP30,express,GAPDH
VP30,control,GAPDH
GP,inhibit,AXL
GP,interact,CLEC5A
GP,modulate,CLEC5A
GP,interact,AXL
GP,modulate,AXL
GP,impair,NPC1
GP,transport,NPC2
GP,involve,NPC2
GP,encode,NPC1
GP,mediate,BST2
GP,connect,BST2
GP,disrupt,BST2
GP,bind,BST2
GP,change,BST2
GP,block,BST2
VP40,block,GAPDH
NP,express,BST2
GP,control,CP
GP,signal,GAPDH
VP40,trigger,MLKL
VP40,involve,MLKL
GP,activate,SPHK1
GP,inhibit,SPHK1
GP,impact,SPHK1
GP,inhibit,SPHK2
VP30,signal,XBP1
GP,neutralize,ADNP
GP,maintain,CD4
GP,join,FURIN
GP,block,GC
GP,express,TNF
GP,inhibit,GC
GP,induce,C3
GP,activate,GC
GP,express,C3
GP,activate,TFPI
GP,prevent,GC
GP,recognize,GC
NP,induce,CPE
L,inhibit,CD14
L,block,CD14
L,inhibit,CD81
L,block,CD81
L,inhibit,IFITM1
L,block,IFITM1
L,inhibit,ACE2
L,block,ACE2
L,inhibit,CXCR4
L,block,CXCR4
L,inhibit,CCR5
L,block,CCR5
L,inhibit,IFITM3
L,block,IFITM3
L,inhibit,HYAL2
L,block,HYAL2
NP,prevent,IFITM3
NP,sequester,IFITM3
GP,cleave,APC
GP,express,APC
GP,cleave,CAT
GP,activate,CD19
L,transport,NPC1
L,inhibit,CD4
VP24,bind,KEAP1
VP24,interact,KEAP1
VP24,express,KEAP1
VP24,disrupt,KEAP1
GP,inhibit,CIITA
GP,mediate,CIITA
GP,activate,CIITA
GP,induce,CIITA
L,inhibit,CD74
GP,enable,GP2
GP,respond,GP2
GP,respond,NPC1
GP,regulate,GP2
GP,inactivate,NPC1
GP,express,EHF
GP,inactivate,EHF
VP30,replace,F3
VP30,target,F3
VP35,enhance,TBK1
VP35,interfere,TBK1
VP35,promote,TBK1
VP35,regulate,TBK1
VP35,enhance,IRF3
VP35,interfere,IRF3
VP35,impair,IRF3
VP35,regulate,IRF3
VP35,bind,IRF7
VP35,interact,IRF7
VP35,inhibit,IRF7
VP35,block,IRF7
VP35,phosphorylate,IRF7
VP35,prevent,IRF7
VP35,enhance,IRF7
VP35,interfere,IRF7
VP35,impair,IRF7
VP35,promote,IRF7
VP35,regulate,IRF7
VP35,signal,IRF7
VP24,interact,KPNA1
VP24,inhibit,KPNA1
VP24,express,ISG15
VP24,bind,RAN
VP24,associate,RAN
VP24,trigger,RAN
VP24,disrupt,RAN
VP24,express,CCL5
VP24,associate,ISG15
VP24,activate,ISG15
VP24,alter,ISG15
VP24,disrupt,ISG15
VP24,induce,CSF1
VP24,express,CSF1
VP24,translocate,CSF1
VP24,regulate,CSF1
VP24,induce,ISG15
VP24,induce,DDIT3
VP24,induce,CDKN1A
GP,neutralize,GEM
GP,impact,LTB
L,activate,TMPRSS2
L,express,TMPRSS2
L,inhibit,TMPRSS2
L,target,TMPRSS2
L,modulate,TMPRSS2
GP,modulate,TMPRSS2
GP,activate,TMPRSS2
GP,target,TMPRSS2
L,replace,TMPRSS2
GP,facilitate,TMPRSS2
GP,cleave,TMPRSS2
VP30,modulate,SMYD3
VP30,enhance,SMYD3
VP30,disrupt,RBBP6
NP,facilitate,CAD
NP,induce,CAD
NP,express,CAD
NP,interact,CAD
NP,mediate,CAD
NP,activate,CAD
NP,interact,NXF1
L,control,NXF1
VP30,interact,NXF1
NP,form,NXF1
NP,promote,NXF1
NP,mediate,NXF1
NP,bind,NXF1
NP,impact,NXF1
NP,activate,NXF1
NP,link,NXF1
NP,control,NXF1
NP,interfere,NXF1
NP,change,NXF1
L,signal,NXF1
NP,involve,NXF1
GP,activate,PRNT
GP,mediate,CCZ1
GP,affect,CCZ1
GP,disrupt,CIITA
L,attach,CCZ1
L,control,CCZ1
GP,form,CD4
GP,recruit,CXCR4
GP,recruit,CCR5
L,recognize,CD209
L,recognize,CLEC4M
L,recognize,CLEC4G
GP,express,GC
GP,encode,GC
VP35,bind,MBP
VP35,express,MBP
VP35,control,MBP
L,encode,PLN
L,bind,PLN
L,express,PLN
VP40,change,TYR
L,bind,MBP
VP40,target,RBM4
VP35,interact,RBM4
GP,interact,RBM4
NP,change,VIP
NP,control,VIP
NP,bind,SPR
NP,target,SPR
GP,express,PRNT
GP,express,MYC
GP,attach,MYC
GP,express,NPC2
GP,interact,CTSB
GP,trigger,CTSB
GP,facilitate,CTSB
GP,activate,SYK
GP,trigger,SYK
GP,trigger,MYD88
GP,crosslink,MYD88
GP,interact,CD40
GP,interact,CD80
GP,interact,CD86
GP,trigger,CD86
GP,induce,SYK
GP,phosphorylate,SYK
GP,express,SYK
GP,crosslink,SYK
GP,induce,CARD9
GP,phosphorylate,CARD9
GP,express,CARD9
GP,crosslink,CARD9
GP,neutralize,TLR4
GP,stimulate,SYK
GP,interact,CANX
GP,mediate,CANX
GP,promote,CANX
GP,interact,CALR
GP,mediate,CALR
GP,promote,CALR
GP,degrade,PDIA3
GP,involve,PDIA3
GP,target,PDIA3
GP,degrade,ATG3
GP,degrade,ATG5
GP,ubiquitinate,RNF185
GP,express,CANX
GP,degrade,CANX
GP,express,CALR
GP,degrade,CALR
GP,interact,PDIA3
GP,express,PDIA3
GP,interact,HSPA5
GP,affect,PDIA3
GP,express,HSPA5
GP,affect,HSPA5
GP,affect,CALR
GP,affect,CANX
GP,form,CALR
GP,form,CANX
GP,activate,CALR
GP,activate,CANX
GP,activate,PDIA3
GP,inhibit,CALR
GP,inhibit,CANX
GP,impact,CANX
GP,impact,CALR
GP,promote,PDIA3
GP,inhibit,PDIA3
GP,block,CANX
GP,target,CANX
GP,block,CALR
GP,target,CALR
GP,express,ATG3
GP,recruit,CANX
GP,recruit,CALR
GP,translate,CANX
GP,translate,CALR
GP,enhance,CANX
GP,enhance,CALR
GP,express,RNF26
GP,degrade,RNF26
GP,ubiquitinate,RNF26
GP,target,RNF26
GP,interact,RNF26
GP,activate,RNF26
GP,ubiquitinate,PDIA3
GP,ubiquitinate,CALR
GP,ubiquitinate,CANX
GP,degrade,RNF185
GP,signal,RNF185
GP,express,RNF185
GP,degrade,TRIM25
GP,promote,RNF185
GP,promote,TRIM25
GP,promote,RNF26
GP,block,RNF185
GP,block,RNF26
GP,interact,RNF185
GP,target,RNF185
GP,activate,RNF185
GP,affect,RNF185
GP,disrupt,PDIA3
GP,disrupt,CALR
GP,disrupt,CANX
GP,trigger,PDIA3
GP,enhance,EDEM1
GP,degrade,EDEM1
GP,target,EDEM1
GP,enhance,EDEM2
GP,degrade,EDEM2
GP,target,EDEM2
GP,inhibit,RNF26
GP,recruit,RNF185
NP,impact,ABHD11
NP,replace,ABHD11
NP,impact,ACO2
NP,replace,ACO2
NP,encode,ACE
NP,encode,ABHD11
NP,encode,ACO2
L,induce,EIF2A
L,suppress,EIF2A
L,phosphorylate,EIF2A
L,translate,EIF2A
L,control,DDX39B
L,target,DDX39B
L,target,NXF1
L,activate,NXF1
VP40,change,PC
GP,activate,MICA
GP,inhibit,MICA
GP,express,MICA
GP,perturb,MICA
GP,target,MICA
GP,control,HLA-A
GP,signal,CD4
GP,associate,TLR4
GP,enhance,ACE2
GP,neutralize,ACE2
GP,induce,GC
L,destabilize,GP2
L,promote,GP2
GP,inhibit,TAT
GP,activate,TAT
VP35,activate,TAT
VP35,replace,TAT
VP35,stimulate,TAT
VP35,induce,TAT
VP35,express,TAT
VP35,control,TAT
VP35,promote,TAT
GP,signal,SYK
GP,activate,BTK
GP,signal,BTK
GP,express,SRC
GP,enhance,SYK
GP,affect,SYK
GP,encode,SRC
GP,encode,SYK
L,mediate,GP2
GP,control,ACTB
L,interact,TOP1
L,target,TOP1
VP30,bind,HSPA8
VP30,interact,HSPA8
VP30,associate,HSPA8
L,express,GP6
NP,change,ADAR
GP,recognize,MAPK11
GP,recognize,CAT
GP,recognize,FLT4
GP,recognize,ANXA5
GP,recognize,HSPA5
GP,recognize,GAPDH
VP40,interact,ANXA5
VP40,control,ANXA5
VP40,interact,HSPA1A
VP40,control,HSPA1A
VP40,interact,HSP90AB1
VP40,control,HSP90AB1
VP40,interact,ARFGAP1
VP40,control,ARFGAP1
VP40,interact,HSPA8
VP40,control,HSPA8
VP40,interact,MAPK11
VP40,control,MAPK11
VP40,interact,FLT4
VP40,control,FLT4
VP40,interact,NTRK1
VP40,control,NTRK1
VP40,interact,YWHAZ
VP40,control,YWHAZ
VP40,bind,ANXA5
VP40,associate,ANXA5
VP40,phosphorylate,ANXA5
VP40,stabilize,ANXA5
VP40,facilitate,ANXA5
VP40,regulate,ANXA5
VP40,bind,HSPA1A
VP40,associate,HSPA1A
VP40,phosphorylate,HSPA1A
VP40,stabilize,HSPA1A
VP40,facilitate,HSPA1A
VP40,regulate,HSPA1A
VP40,bind,HSP90AB1
VP40,associate,HSP90AB1
VP40,phosphorylate,HSP90AB1
VP40,stabilize,HSP90AB1
VP40,facilitate,HSP90AB1
VP40,regulate,HSP90AB1
VP35,bind,PAICS
VP35,bind,CLC
GP,target,CP
GP,target,ACE2
GP,enhance,TYRO3
VP24,stimulate,STAT1
VP24,bind,ATP1A1
VP24,involve,ATP1A1
VP24,maintain,ATP1A1
L,recruit,TSG101
L,enhance,TSG101
L,involve,TSG101
L,bind,TSG101
L,inhibit,TSG101
L,disrupt,TSG101
VP40,interact,PIP
VP40,associate,PIP
VP40,bind,PIP
VP40,induce,PIP
VP40,inhibit,PTEN
VP40,alter,PTEN
VP40,regulate,PTEN
VP40,transport,PIP
VP40,induce,INPP5E
GP,promote,XKR8
GP,express,XKR8
GP,signal,XKR8
GP,impact,XKR8
GP,mediate,XKR8
VP40,express,XKR8
GP,block,XKR8
GP,enhance,CD4
GP,facilitate,CD4
GP,enhance,CCR5
GP,facilitate,CCR5
VP24,recognize,STAT1
VP24,neutralize,STAT1
VP35,express,IFIT1
VP35,express,MX1
L,mediate,CD4
NP,recruit,PSAP
NP,transport,PSAP
NP,recruit,TSG101
NP,transport,TSG101
VP24,prevent,KEAP1
VP24,respond,KEAP1
VP40,activate,STAT2
VP40,regulate,STAT2
VP40,bind,BAG3
VP40,inhibit,BAG3
VP40,promote,BAG3
GP,attach,FAS
GP,involve,FAS
GP,activate,BAG3
GP,transport,BAG3
GP,signal,BAG3
GP,activate,KEAP1
GP,transport,KEAP1
GP,signal,KEAP1
GP,activate,TSG101
GP,transport,TSG101
GP,signal,TSG101
L,utilize,CD4
L,utilize,CD14
L,utilize,CD19
L,utilize,CD27
L,utilize,CD38
GP,involve,CD4
GP,bind,CLC
VP24,affect,STAT1
GP,encode,CD40
GP,signal,CD40
GP,respond,CD40
VP35,activate,TRIM6
VP35,facilitate,TRIM6
VP35,impair,TRIM6
VP35,bind,TRIM6
VP35,interact,TRIM6
VP35,prevent,TRIM6
L,interact,TRIM6
L,activate,TRIM6
L,promote,TRIM6
L,encode,TRIM6
VP35,ubiquitinate,IRF3
VP30,phosphorylate,IRF3
VP30,phosphorylate,TBK1
L,express,TYRO3
L,transport,TYRO3
L,express,AXL
L,transport,AXL
VP24,activate,KEAP1
VP24,signal,KEAP1
VP24,interact,NES
VP24,impact,NES
VP40,express,NES
VP24,inhibit,NES
VP24,promote,NES
VP24,impact,STAT1
VP24,impair,NES
NP,express,NES
VP24,replace,NES
VP24,alter,NES
VP40,signal,CAT
GP,recognize,GAL
NP,replace,HP
GP,activate,HP
VP35,activate,HP
VP24,activate,HP
NP,activate,HP
NP,stabilize,HP
NP,destabilize,HP
NP,form,HP
L,target,HSPA5
GP,bind,MAG
GP,interact,MAG
GP,cleave,CD4
GP,express,MAG
VP24,stimulate,MAX
VP24,control,MAX
VP24,signal,MAX
GP,facilitate,CTSL
GP,associate,CTSB
GP,transport,CTSB
GP,associate,CTSL
GP,transport,CTSL
GP,associate,PIKFYVE
GP,transport,PIKFYVE
VP30,target,PIK3C3
VP30,target,SLC39A9
VP30,suppress,PIK3C3
VP30,suppress,SLC39A9
VP30,replace,PIK3C3
VP30,replace,SLC39A9
VP30,target,NPC1
GP,bind,SLC39A9
GP,transport,SLC39A9
GP,attach,SLC39A9
GP,facilitate,SLC39A9
GP,mediate,SLC39A9
VP30,neutralize,SLC39A9
GP,interact,SLC39A9
GP,associate,SLC39A9
VP30,inhibit,SLC39A9
GP,bind,CSTB
GP,cleave,CSTB
GP,mediate,CSTB
GP,form,CSTB
GP,cleave,SLC39A9
GP,form,SLC39A9
GP,promote,SLC39A9
GP,enhance,SLC39A9
GP,interact,CSTB
GP,promote,CSTB
VP30,cleave,SLC39A9
GP,interact,PIK3C3
GP,affect,SLC39A9
GP,impair,SLC39A9
VP30,impair,SLC39A9
VP30,impair,C1GALT1
GP,recognize,SLC39A9
VP30,block,SLC39A9
VP30,interact,SRPK2
VP30,recruit,SRPK2
VP30,phosphorylate,RBBP6
VP30,express,RBBP6
VP30,impair,RBBP6
NP,interact,TUBA1B
NP,form,TUBA1B
NP,interact,IGF2BP1
NP,form,IGF2BP1
NP,interact,PDHB
NP,form,PDHB
NP,bind,RUVBL1
NP,interact,RUVBL1
NP,mediate,RUVBL1
NP,express,RUVBL1
NP,control,RUVBL1
NP,bind,RUVBL2
NP,control,RUVBL2
NP,associate,RUVBL1
NP,associate,RUVBL2
NP,activate,RUVBL1
NP,affect,RUVBL1
NP,involve,RUVBL1
NP,regulate,RUVBL1
NP,activate,RUVBL2
NP,affect,RUVBL2
NP,involve,RUVBL2
NP,regulate,RUVBL2
NP,associate,RPAP3
NP,associate,PIH1D1
NP,suppress,RUVBL2
NP,interfere,RUVBL2
GP,attach,AFM
GP,crosslink,AFM
L,bind,CLEC10A
L,attach,CLEC10A
L,bind,CLEC4G
L,attach,CLEC4G
L,target,TYRO3
NP,respond,CD4
GP,induce,CPZ
GP,facilitate,FURIN
GP,degrade,FURIN
GP,alter,FURIN
L,target,NPC1
GP,encode,FURIN
GP,cleave,MFI
VP40,cleave,TSPO
VP40,target,TSPO
VP40,cleave,CD68
VP40,target,CD68
VP40,cleave,PARP1
VP40,target,PARP1
VP40,phosphorylate,JAK1
VP40,phosphorylate,STAT3
VP24,block,STAT3
VP24,translocate,STAT3
VP35,bind,IRF9
VP35,activate,IRF9
VP35,suppress,IRF9
VP35,express,IRF9
VP35,promote,PIAS1
VP24,interact,USP7
VP24,block,USP7
VP24,recruit,USP7
VP24,impair,USP7
VP24,signal,USP7
VP40,interfere,JAK1
VP24,activate,IRF3
VP24,phosphorylate,IRF3
VP40,form,ISG15
VP40,form,NEDD4
VP40,impair,CCDC92
GP,recruit,HERC5
GP,degrade,HERC5
VP40,promote,ISG15
VP24,signal,ISG15
NP,target,CCDC92
VP40,translate,HERC5
VP40,involve,ISG15
VP40,translate,ISG15
GP,recognize,TLR4
NP,express,SPR
GP,sequester,TLR4
GP,bind,IL6
GP,activate,IL6
GP,induce,IL6
GP,express,IL6
GP,bind,IL10
GP,activate,IL10
GP,induce,IL10
GP,express,IL10
GP,bind,CD86
GP,associate,CD86
GP,bind,CD80
GP,associate,CD80
GP,bind,CD83
GP,associate,CD83
GP,bind,CD40
GP,associate,CD40
GP,mediate,IL6
GP,mediate,IL10
GP,interact,SOCS1
NP,encode,HP
VP30,control,HP
GP,control,CD79A
GP,signal,CD79A
L,stimulate,IFNB1
L,change,IFNB1
VP40,interact,JAK1
VP40,prevent,JAK1
VP40,translocate,JAK1
VP40,interact,STAT1
VP40,prevent,STAT1
VP40,translocate,STAT1
VP24,regulate,KEAP1
NP,involve,TSG101
L,degrade,GP2
L,form,GP2
GP,block,IGF1R
GP,mediate,EGFR
GP,stimulate,EGF
GP,target,EGFR
GP,stimulate,HGF
GP,trigger,CD4
GP,control,TLR3
GP,stimulate,TRAM1
GP,phosphorylate,TLR4
GP,dephosphorylate,TLR4
GP,trigger,IRAK4
GP,phosphorylate,IRAK4
GP,dephosphorylate,IRAK4
GP,trigger,TRAM1
GP,phosphorylate,TRAM1
GP,dephosphorylate,TRAM1
GP,signal,TRAM1
GP,involve,TRAM1
GP,stimulate,MYD88
GP,phosphorylate,MYD88
GP,involve,MYD88
GP,stimulate,IRAK4
GP,involve,IRAK4
L,bind,TLR4
L,attach,TLR4
L,involve,TLR4
GP,perturb,CD4
GP,stimulate,CD28
GP,encode,TLR4
VP35,activate,CD4
VP35,express,CD4
VP35,prevent,CD4
VP35,interact,MAVS
VP35,activate,MAVS
VP35,express,MAVS
VP35,disrupt,MAVS
VP35,impair,MAVS
VP35,induce,TLR4
VP35,impair,TLR4
NP,target,TAT
GP,respond,RSAD2
GP,respond,IFIT2
GP,respond,GNA13
GP,bind,TF
GP,trigger,TF
GP,encode,TF
NP,bind,MX1
NP,inhibit,MX1
NP,form,MX1
L,activate,CD69
L,express,CD69
L,signal,CD69
L,activate,CD86
L,express,CD86
L,signal,CD86
L,activate,BCR
L,express,BCR
L,signal,BCR
NP,inhibit,IRF3
NP,translocate,IRF3
VP24,inhibit,STAT2
VP24,phosphorylate,STAT2
L,control,FURIN
L,promote,FURIN
VP40,regulate,ITCH
VP40,regulate,BAG3
VP40,interact,WWOX
VP40,regulate,WWOX
VP30,interact,LATS2
VP30,phosphorylate,LATS2
VP30,regulate,LATS2
VP40,activate,EGF
VP40,modulate,EGF
VP40,regulate,EGF
VP40,inhibit,EGF
VP40,express,EGF
VP40,affect,EGF
VP40,inhibit,LATS2
VP40,modulate,LATS2
VP40,inhibit,LATS1
VP40,modulate,LATS1
VP40,express,LATS1
VP40,express,LATS2
VP40,disrupt,LATS1
VP40,promote,LATS1
VP40,regulate,LATS1
VP40,target,LATS1
L,bind,CD40
L,stimulate,CD40
NP,bind,DNAJA2
NP,interact,DNAJA2
L,bind,HSPA4
VP40,alter,BAG3
L,bind,STIP1
L,bind,DNAJA2
GP,activate,AXL
VP35,trigger,TLR4
VP35,interfere,TLR4
VP35,signal,TLR4
VP40,interact,IQGAP1
VP40,interact,AMOT
VP40,express,RAB14
L,interact,NEDD4
L,inhibit,NEDD4
L,interact,ISG15
L,inhibit,ISG15
L,interact,IQGAP1
L,express,IQGAP1
L,suppress,IQGAP1
L,mediate,IQGAP1
GP,affect,MCC
L,inhibit,UGCG
GP,impair,GP2
GP,mediate,GBP1
GP,mediate,GBP2
GP,mediate,GBP5
GP,mediate,CXCL10
GP,control,HMBS
GP,target,HMBS
VP40,control,NPC1
VP40,target,NPC1
GP,target,VPS8
GP,target,VPS39
GP,induce,UVRAG
GP,cleave,UVRAG
GP,mediate,UVRAG
GP,link,UVRAG
GP,inhibit,UVRAG
GP,express,UVRAG
GP,interact,UVRAG
GP,involve,UVRAG
GP,activate,CD14
GP,stimulate,CD14
GP,induce,CD14
GP,control,CD14
GP,respond,CD14
GP,bind,DPP4
VP35,form,TRIM6
VP35,disrupt,TRIM6
L,express,HP
L,encode,HP
VP24,form,STAT1
GP,bind,NXF1
GP,bind,XPO6
L,suppress,SIRT1
L,impair,SIRT1
GP,facilitate,CXCR4
L,bind,FCN1
L,affect,FCN1
L,promote,FCN1
L,bind,PTX3
L,affect,PTX3
L,promote,PTX3
L,bind,CD209
L,affect,CD209
L,promote,CD209
L,encode,FCN1
L,signal,FCN1
L,enhance,PTX3
L,alter,PTX3
L,cooperate,PTX3
L,interact,PTX3
L,interact,CRP
GP,regulate,TPI1
GP,regulate,TIMP1
GP,regulate,TTR
GP,regulate,SOD3
GP,regulate,ACTG1
GP,regulate,SERPINA3
GP,regulate,CHI3L1
GP,regulate,SPARC
GP,regulate,SELENBP1
GP,regulate,PEBP1
GP,regulate,ALDOA
GP,regulate,SERPINF1
GP,regulate,NPC2
GP,regulate,THY1
GP,regulate,KLK6
GP,regulate,AGT
GP,regulate,SPARCL1
GP,regulate,IGFBP6
GP,regulate,IGFBP2
GP,regulate,CNDP1
GP,regulate,CST3
GP,regulate,NCAM1
GP,regulate,CLU
GP,regulate,CD14
GP,regulate,CHGA
GP,regulate,CLSTN1
GP,regulate,FAM3C
GP,regulate,CDH2
GP,regulate,CHL1
GP,regulate,CNTN1
GP,regulate,APLP1
GP,regulate,SCG3
GP,regulate,FCGBP
GP,regulate,TXN
GP,regulate,PTGDS
GP,regulate,GSN
GP,regulate,LRG1
GP,regulate,SOD1
GP,regulate,C1S
GP,regulate,APOD
GP,mediate,LRG1
GP,bind,BCR
GP,target,BCR
GP,encode,C9
GP,interact,PDF
L,mediate,CD209
L,attach,CD209
L,mediate,CLEC4M
L,attach,CLEC4M
L,mediate,TYRO3
GP,change,CXCR4
GP,involve,CXCR4
GP,change,CCR5
GP,involve,CCR5
GP,target,TYRO3
GP,target,APC
VP35,express,CD80
VP35,impair,CD80
VP35,express,CD86
VP35,impair,CD86
VP35,inhibit,PDC
VP35,inhibit,TLR7
VP35,signal,TLR7
VP24,activate,KPNA1
VP40,associate,JAK1
VP40,associate,STAT1
VP40,associate,STAT3
GP,target,MFI
GP,involve,GC
L,link,HR
VP40,phosphorylate,CDK2
VP40,phosphorylate,TTK
VP40,bind,NTS
VP40,degrade,SDS
VP40,disrupt,CD63
VP40,involve,CDK2
VP40,control,CDK2
VP40,prevent,CDK2
VP40,control,CD63
VP40,induce,CD63
VP40,activate,CDK2
VP40,utilize,TSG101
VP40,recruit,NEDD4
VP40,inhibit,CHMP6
VP24,express,OAS1
VP40,transport,ITCH
VP40,facilitate,ITCH
VP40,transport,WWP1
VP40,facilitate,WWP1
L,interact,BAG3
L,regulate,BAG3
L,interact,WWOX
L,regulate,WWOX
VP40,target,RAB11A
VP40,target,RAB11B
VP40,interact,MAP2
L,interact,GP2
L,express,GP2
L,enhance,GP2
NP,express,IFIT1
NP,control,IFIT1
NP,change,IFIT1
NP,involve,IFIT1
NP,express,MAVS
NP,control,MAVS
NP,signal,MAVS
NP,target,IFIT1
NP,control,ACE2
L,express,CD4
VP35,disrupt,TBK1
VP35,bind,MAVS
VP35,inhibit,MAVS
VP35,phosphorylate,MAVS
VP40,bind,JAK1
VP40,activate,IRF1
VP40,signal,IRF1
VP40,activate,IRF3
VP40,express,IRF3
VP40,signal,IRF3
VP40,inhibit,IRF3
VP40,suppress,IRF3
VP24,activate,IRF1
VP24,induce,IRF1
VP24,impair,IRF1
VP24,express,IRF3
VP24,activate,IRF7
VP24,express,IRF7
VP24,prevent,IRF7
VP24,maintain,IRF3
VP24,inhibit,IRF3
VP24,activate,TNF
VP24,inhibit,TNF
VP24,signal,TNF
VP24,induce,TNF
VP24,block,IRF3
VP40,induce,JAK1
VP40,inhibit,IRF1
VP40,express,IRF1
VP24,inhibit,IRF1
VP24,express,IRF1
VP24,prevent,IRF3
VP24,translocate,IRF3
VP35,block,TNF
VP35,change,TNF
L,maintain,TBP
GP,block,SPR
GP,phosphorylate,CD4
GP,prevent,CD4
GP,aggregate,CD4
GP,phosphorylate,CXCR4
GP,prevent,CXCR4
GP,aggregate,CXCR4
GP,target,CCR5
GP,target,CXCR4
GP,disrupt,SERINC5
GP,impair,SERINC5
GP,inhibit,SERINC5
GP,neutralize,SERINC5
NP,express,SERINC5
GP,interact,SERINC5
GP,recognize,AXL
GP,bind,PDF
GP,encode,NEB
L,express,FAS
L,involve,FAS
GP,activate,IFITM2
VP35,target,TBK1
VP35,translocate,IRF7
VP30,interact,GP2
VP40,interfere,ISG15
VP40,target,ISG15
VP40,interfere,BAG3
VP40,target,BAG3
VP40,stimulate,ISG15
VP40,induce,ISG15
L,express,ISG15
L,replace,BAG3
VP24,encode,STAT1
VP24,change,STAT1
VP24,enhance,STAT1
VP24,degrade,STAT1
VP24,sequester,STAT1
GP,suppress,SERINC5
GP,affect,SERINC5
GP,recognize,FURIN
GP,block,GBP5
GP,impair,GBP5
GP,impair,FURIN
GP,activate,GBP5
GP,alter,GBP5
GP,interact,NSF
GP,block,NSF
GP,involve,FURIN
GP,suppress,FURIN
GP,interact,LILRB1
L,express,CCR5
L,target,CCR5
GP,change,FURIN
VP40,express,FURIN
GP,ubiquitinate,FURIN
GP,affect,IFITM3
GP,express,SGTA
GP,control,SGTA
GP,enhance,HAVCR1
GP,replace,HAVCR1
GP,associate,HMGB1
GP,activate,HMGB1
GP,activate,SOCS1
GP,trigger,SOCS1
GP,stimulate,SOCS3
GP,express,SOCS3
L,interact,AFM
GP,interact,AFM
GP,stimulate,GC
L,inhibit,MTOR
L,impact,MTOR
L,target,MTOR
L,inhibit,SRC
L,impact,SRC
L,target,SRC
L,inhibit,EGFR
L,impact,EGFR
L,target,EGFR
L,inhibit,ERBB2
L,impact,ERBB2
L,target,ERBB2
L,activate,MXRA8
L,encode,AXL
L,encode,MXRA8
L,express,MXRA8
L,block,PC
GP,activate,SIRPA
GP,inhibit,SIRPA
GP,recruit,SIRPA
GP,phosphorylate,SIRPA
GP,dephosphorylate,SIRPA
GP,activate,TRIM2
GP,affect,SIRPA
GP,affect,TRIM2
L,bind,ACE2
L,express,ACE2
L,convert,ACE2
L,control,TMPRSS2
GP,control,ACE2
GP,control,SIRPA
GP,trigger,SIRPA
GP,signal,SIRPA
GP,target,SIRPA
L,transport,TSG101
L,express,TSG101
L,join,TSG101
L,form,CTSL
L,encode,CTSL
GP,facilitate,TYRO3
L,express,SELL
L,encode,SELL
L,respond,SELL
NP,interact,STAT1
NP,interact,KPNA1
VP24,utilize,STAT1
L,enable,NPC1
GP,interact,PC
GP,facilitate,PC
GP,bind,PC
GP,neutralize,PC
GP,promote,PC
GP,alter,PC
L,translocate,PLSCR1
GP,trigger,PDPK1
GP,phosphorylate,PDPK1
GP,signal,PDPK1
GP,trigger,PLSCR1
GP,phosphorylate,PLSCR1
GP,interact,ACE2
GP,facilitate,ACE2
GP,enable,ACE2
GP,activate,TLR8
VP35,block,TLR7
VP35,bind,TLR7
GP,associate,TLR3
GP,enhance,TLR3
GP,impact,TLR3
GP,promote,TLR3
GP,associate,TLR7
GP,enhance,TLR7
GP,impact,TLR7
GP,promote,TLR7
GP,associate,TLR8
GP,enhance,TLR8
GP,impact,TLR8
GP,promote,TLR8
GP,associate,TLR9
GP,enhance,TLR9
GP,impact,TLR9
GP,promote,TLR9
L,encode,GC
GP,mediate,ACE2
GP,prevent,ACE2
GP,stimulate,IFNG
GP,control,IFNG
GP,control,CD28
L,prevent,FURIN
L,mediate,FURIN
L,target,FURIN
L,prevent,TMPRSS2
L,mediate,TMPRSS2
GP,activate,BCAM
GP,recruit,BCAM
NP,neutralize,GC
NP,inhibit,MTOR
NP,suppress,MTOR
NP,express,MTOR
NP,promote,MTOR
NP,target,MTOR
NP,inhibit,IRF1
NP,suppress,IRF1
NP,express,IRF1
NP,promote,IRF1
NP,target,IRF1
GP,recognize,CD4
L,neutralize,ACE2
L,target,ACE2
L,neutralize,TMPRSS2
L,induce,TMPRSS2
L,activate,DHODH
L,inhibit,DHODH
L,activate,SI
L,target,DHODH
VP30,express,MBP
VP30,bind,SPR
VP30,control,MBP
VP30,target,MBP
L,inhibit,PIKFYVE
L,modulate,PIKFYVE
L,induce,PIKFYVE
L,express,PIKFYVE
L,convert,PIKFYVE
L,promote,PIKFYVE
L,target,PIKFYVE
L,inhibit,JAK2
L,modulate,JAK2
L,induce,JAK2
L,express,JAK2
L,convert,JAK2
L,promote,JAK2
L,target,JAK2
L,inhibit,KIT
L,modulate,KIT
L,induce,KIT
L,express,KIT
L,convert,KIT
L,promote,KIT
L,target,KIT
L,modulate,CXCR4
L,induce,CXCR4
L,express,CXCR4
L,convert,CXCR4
L,promote,CXCR4
L,target,CXCR4
VP35,recruit,TBK1
GP,control,PC
L,activate,HIF1A
L,inhibit,HIF1A
L,induce,HIF1A
L,express,HIF1A
L,alter,HIF1A
GP,change,SPR
GP,control,SPR
GP,interact,RAC1
GP,inhibit,RAC1
GP,transport,RAC1
GP,control,RAC1
GP,disrupt,RAC1
GP,regulate,RAC1
GP,target,DPP4
L,transform,EGF
L,transform,FGF2
L,transform,FGF7
L,transform,FGF10
VP30,bind,ODC1
VP30,activate,ODC1
VP30,inhibit,ODC1
VP30,block,ODC1
VP30,express,ODC1
VP30,prevent,ODC1
VP30,enhance,ODC1
VP30,mediate,ODC1
VP30,degrade,ODC1
VP30,neutralize,ODC1
VP30,interfere,ODC1
VP30,affect,ODC1
VP30,impair,ODC1
VP30,promote,ODC1
VP30,target,ODC1
VP30,translate,ODC1
VP30,bind,SAT1
VP30,activate,SAT1
VP30,inhibit,SAT1
VP30,block,SAT1
VP30,express,SAT1
VP30,prevent,SAT1
VP30,enhance,SAT1
VP30,mediate,SAT1
VP30,degrade,SAT1
VP30,neutralize,SAT1
VP30,interfere,SAT1
VP30,affect,SAT1
VP30,impair,SAT1
VP30,promote,SAT1
VP30,target,SAT1
VP30,translate,SAT1
VP30,bind,SMOX
VP30,activate,SMOX
VP30,inhibit,SMOX
VP30,block,SMOX
VP30,express,SMOX
VP30,prevent,SMOX
VP30,enhance,SMOX
VP30,mediate,SMOX
VP30,degrade,SMOX
VP30,neutralize,SMOX
VP30,interfere,SMOX
VP30,affect,SMOX
VP30,impair,SMOX
VP30,promote,SMOX
VP30,target,SMOX
VP30,translate,SMOX
VP30,bind,DHPS
VP30,activate,DHPS
VP30,inhibit,DHPS
VP30,block,DHPS
VP30,express,DHPS
VP30,prevent,DHPS
VP30,enhance,DHPS
VP30,mediate,DHPS
VP30,degrade,DHPS
VP30,neutralize,DHPS
VP30,interfere,DHPS
VP30,affect,DHPS
VP30,impair,DHPS
VP30,promote,DHPS
VP30,target,DHPS
VP30,translate,DHPS
VP30,bind,DOHH
VP30,activate,DOHH
VP30,inhibit,DOHH
VP30,block,DOHH
VP30,express,DOHH
VP30,prevent,DOHH
VP30,enhance,DOHH
VP30,mediate,DOHH
VP30,degrade,DOHH
VP30,neutralize,DOHH
VP30,interfere,DOHH
VP30,affect,DOHH
VP30,impair,DOHH
VP30,promote,DOHH
VP30,target,DOHH
VP30,translate,DOHH
GP,inhibit,EIF5A
GP,stimulate,EIF5A
GP,express,EIF5A
VP24,inhibit,ISG15
VP24,phosphorylate,ISG15
VP24,transport,ISG15
GP,activate,KIR2DL4
GP,modulate,KIR2DL4
GP,change,MICA
GP,degrade,MICA
GP,express,HLA-C
GP,recognize,HLA-C
GP,express,KIR2DL2
GP,affect,KIR2DL2
GP,target,KIR2DL2
GP,block,KIR2DL2
GP,signal,KIR2DL2
GP,interact,KIR2DS1
GP,interfere,KIR2DS1
GP,target,KIR2DS1
GP,control,CRP
GP,activate,CRP
GP,stimulate,APC
GP,control,APC
L,change,CD80
L,change,CD86
L,change,CD163
L,express,TREM2
L,express,CCL2
L,express,CD40
L,express,CD209
L,bind,SEC16A
L,modulate,SEC16A
L,regulate,SEC16A
GP,activate,CD69
GP,inhibit,CD69
GP,prevent,CD69
GP,enhance,CD69
GP,attach,CD69
GP,penetrate,CD69
GP,target,CD69
GP,attach,CD4
GP,penetrate,CD4
GP,interact,HAVCR1
GP,express,HAVCR1
GP,prevent,HAVCR1
GP,affect,HAVCR1
GP,stabilize,HAVCR1
GP,mediate,HAVCR1
VP35,bind,ILF3
VP35,link,ILF3
VP35,suppress,ILF3
GP,inhibit,TMPRSS2
GP,target,SI
L,maintain,C6
L,attach,CAT
L,inhibit,CAT
L,control,CAT
GP,block,PIKFYVE
GP,mediate,PIKFYVE
GP,activate,TF
GP,inhibit,TF
GP,block,TF
GP,cleave,TF
GP,mediate,TF
GP,target,TF
GP,inhibit,APC
GP,block,APC
GP,mediate,APC
L,interact,CD4
L,activate,CD4
L,prevent,CD4
L,promote,CD4
L,signal,CD4
L,interact,STAT3
L,activate,STAT3
L,prevent,STAT3
L,promote,STAT3
L,signal,STAT3
GP,activate,C7
GP,express,C7
GP,enhance,FURIN
GP,suppress,TMPRSS2
GP,enhance,TMPRSS2
GP,recognize,TMPRSS2
GP,change,TMPRSS2
GP,trigger,FURIN
GP,involve,TMPRSS2
GP,bind,TMPRSS2
GP,form,TMPRSS2
GP,involve,CD81
GP,involve,CLDN1
GP,bind,CD81
GP,modulate,CD81
GP,neutralize,CD81
GP,enable,CD81
NP,bind,TYR
NP,interact,TYR
VP40,target,JAK1
VP40,target,TYK2
VP40,express,STAT2
VP40,translocate,STAT2
VP40,express,STAT1
VP40,express,JAK1
VP40,impact,JAK1
VP40,phosphorylate,TYK2
VP40,express,TYK2
VP40,impact,TYK2
VP40,inhibit,JAK2
VP40,phosphorylate,JAK2
VP40,express,JAK2
VP40,express,STAT3
VP40,inhibit,TSG101
VP40,mediate,TSG101
VP40,suppress,STAT1
VP40,impair,JAK1
VP40,involve,JAK1
VP40,encode,STAT2
VP40,control,STAT2
L,change,FURIN
GP,utilize,FURIN
L,cleave,FURIN
L,encode,CDR1
L,encode,CDR2
GP,impact,NPC2
GP,bind,NPC1L1
GP,cleave,NPC1L1
GP,mediate,NPC1L1
GP,express,DSP
GP,attach,EFNB2
GP,attach,EFNB3
L,cleave,CTSL
GP,activate,CTSL
GP,inhibit,CTSL
GP,block,CTSL
VP40,cleave,PAM
NP,signal,MFI
NP,bind,MFI
NP,maintain,MFI
L,block,TMPRSS2
L,bind,TMPRSS2
L,recruit,TMPRSS2
L,transport,TMPRSS2
L,encode,TMPRSS2
L,express,SNN
GP,replace,PRNT
GP,activate,CXCL10
GP,induce,CXCL10
GP,involve,IFI6
GP,involve,CXCL10
GP,induce,CLEC4G
GP,attach,CLEC4G
VP24,activate,CD4
VP35,associate,CD4
VP24,suppress,CD4
VP35,form,CD4
VP35,interfere,CD4
VP24,block,CD4
VP24,phosphorylate,CD4
VP24,signal,CD4
L,control,CD4
VP24,block,ZAP70
VP24,change,CD19
VP24,change,CD27
VP24,express,CD38
VP35,express,CD38
VP35,alter,CD38
VP35,disrupt,CD38
VP35,signal,CD38
VP24,express,CD4
VP24,promote,CD4
L,enhance,CD209
L,attach,ACE2
L,enable,ACE2
L,involve,ACE2
L,promote,ACE2
L,inhibit,SPR
L,interact,C3
L,activate,C3
L,interact,SPR
GP,promote,PIM1
L,activate,TLR3
L,stimulate,TLR3
L,stabilize,TLR3
L,recognize,TLR3
L,inactivate,BAD
GP,activate,ACE2
GP,signal,ACE2
GP,convert,ACE2
L,activate,ACE2
L,cleave,ACE2
L,cleave,TMPRSS2
L,attach,TMPRSS2
L,prevent,ACE2
L,target,GP2
NP,associate,GP2
NP,mediate,GP2
NP,control,GP2
NP,involve,GP2
NP,degrade,GP2
GP,trigger,RNF185
GP,involve,CANX
GP,activate,AQP5
GP,inhibit,AQP5
GP,induce,AQP5
GP,express,AQP5
GP,enhance,AQP5
GP,target,AQP5
GP,transform,AQP5
GP,activate,BIRC5
GP,inhibit,BIRC5
GP,induce,BIRC5
GP,express,BIRC5
GP,enhance,BIRC5
GP,target,BIRC5
GP,transform,BIRC5
GP,activate,ABCB1
GP,inhibit,ABCB1
GP,induce,ABCB1
GP,express,ABCB1
GP,enhance,ABCB1
GP,target,ABCB1
GP,transform,ABCB1
GP,activate,TYMS
GP,inhibit,TYMS
GP,induce,TYMS
GP,express,TYMS
GP,enhance,TYMS
GP,target,TYMS
GP,transform,TYMS
GP,activate,ZEB1
GP,degrade,ZEB1
GP,interfere,ZEB1
GP,involve,ZEB1
GP,target,ZEB1
GP,degrade,TAT
GP,interfere,TAT
GP,involve,TAT
L,express,LIF
L,control,LIF
L,express,IL11RA
L,control,IL11RA
L,express,LIFR
L,control,LIFR
NP,affect,CINP
GP,encode,ABCB1
GP,impact,IMPACT
GP,bind,F2
VP24,interact,IRF7
NP,neutralize,PIGS
VP40,bind,NMS
VP30,impact,IMPACT
VP35,interact,SRPK1
GP,bind,SET
VP35,activate,PDF
VP35,interact,SMYD3
NP,activate,CD4
VP40,associate,GAPDH
NP,crosslink,DSP
NP,impact,IMPACT
NP,phosphorylate,IMPACT
NP,express,METTL3
VP35,bind,NPS
NP,interact,RBBP6
VP35,interact,NXF1
VP40,interact,NXF1
GP,inactivate,PRNT
L,target,SHE
GP,associate,MBP
L,bind,TRIM6
VP30,interact,SLC39A9
L,associate,FCN2
NP,activate,TF
L,activate,TF
VP24,activate,TF
VP35,activate,TF
L,stimulate,CD14
L,activate,PAM
NP,interacts_with,AP2M1
NP,interacts_with,GGA3
VP24,interacts_with,ANP32A
VP24,interacts_with,ANP32B
VP24,interacts_with,CCAR2
VP24,interacts_with,CGGBP1
VP24,interacts_with,EEF1A1
VP24,interacts_with,EEF1A1P5
VP24,interacts_with,EEF1A2
VP24,interacts_with,H3-3A
VP24,interacts_with,H3-4
VP24,interacts_with,H3-5
VP24,interacts_with,H3C1
VP24,interacts_with,H3C13
VP24,interacts_with,H4C16
VP24,interacts_with,HNRNPL
VP24,interacts_with,HNRNPU
VP24,interacts_with,KLHL7
VP24,interacts_with,KPNA1
VP24,interacts_with,KPNA5
VP24,interacts_with,KPNA6
VP24,interacts_with,KPNB1
VP24,interacts_with,MYO5A
VP24,interacts_with,MYO5C
VP24,interacts_with,NUP153
VP24,interacts_with,POM121
VP24,interacts_with,POM121C
VP24,interacts_with,PPAN
VP24,interacts_with,RPS27
VP24,interacts_with,RPS27L
VP24,interacts_with,SLC25A3
VP24,interacts_with,SMARCA4
VP24,interacts_with,SMARCC2
VP24,interacts_with,SMARCE1
VP24,interacts_with,SPOP
VP24,interacts_with,TUBA1C
VP24,interacts_with,TUBB
VP24,interacts_with,USP9X
VP35,interacts_with,ATXN2L
VP35,interacts_with,BAG2
VP35,interacts_with,BAZ1B
VP35,interacts_with,BLOC1S1
VP35,interacts_with,BORCS5
VP35,interacts_with,BORCS7
VP35,interacts_with,DYNLL1
VP35,interacts_with,DYNLL2
VP35,interacts_with,EDC4
VP35,interacts_with,FUS
VP35,interacts_with,GART
VP35,interacts_with,H2AC11
VP35,interacts_with,H2AC12
VP35,interacts_with,H2AC14
VP35,interacts_with,H2AC18
VP35,interacts_with,H2AC20
VP35,interacts_with,H2AC25
VP35,interacts_with,H2AC4
VP35,interacts_with,H2AC6
VP35,interacts_with,H2AC7
VP35,interacts_with,H2AJ
VP35,interacts_with,H2BC1
VP35,interacts_with,H2BC10
VP35,interacts_with,H2BC11
VP35,interacts_with,H2BC12
VP35,interacts_with,H2BC12L
VP35,interacts_with,H2BC13
VP35,interacts_with,H2BC14
VP35,interacts_with,H2BC15
VP35,interacts_with,H2BC17
VP35,interacts_with,H2BC18
VP35,interacts_with,H2BC21
VP35,interacts_with,H2BC26
VP35,interacts_with,H2BC3
VP35,interacts_with,H2BC5
VP35,interacts_with,H2BC9
VP35,interacts_with,H4C16
VP35,interacts_with,HNRNPA1
VP35,interacts_with,HNRNPA1L2
VP35,interacts_with,HNRNPA2B1
VP35,interacts_with,HNRNPAB
VP35,interacts_with,HNRNPF
VP35,interacts_with,HNRNPH1
VP35,interacts_with,HNRNPH2
VP35,interacts_with,HNRNPH3
VP35,interacts_with,MIB2
VP35,interacts_with,NEFH
VP35,interacts_with,P0C7M2_HUMAN
VP35,interacts_with,PIP
VP35,interacts_with,RPL12
VP35,interacts_with,RPL22
VP35,interacts_with,RPLP0
VP35,interacts_with,RPLP1
VP35,interacts_with,TUBA1A
VP35,interacts_with,TUBA1C
GP,physical association,REEP6
GP,physical association,PHB2
GP,physical association,FUT8
GP,physical association,TMX1
GP,physical association,GANAB
GP,physical association,PON2
GP,physical association,GPRASP1
GP,physical association,RIF1
GP,physical association,S100P
GP,physical association,CANX
GP,physical association,PHB1
GP,physical association,IARS1
GP,physical association,LGALS8
GP,physical association,CLGN
GP,physical association,REEP5
GP,physical association,AIMP1
GP,physical association,NFATC3
GP,physical association,LGALS1
GP,physical association,DLAT
GP,physical association,PRKCSH
GP,physical association,LGALS3
GP,physical association,PSEN2
VP24,physical association,YME1L1
VP24,physical association,CCT7
VP24,physical association,ANP32E
VP24,physical association,ADNP
VP24,physical association,SDF2L1
VP24,physical association,MYO5C
VP24,physical association,RCC2
VP24,physical association,SSR3
VP24,physical association,MYO5A
VP24,physical association,SRPRB
VP24,physical association,CHD4
VP24,physical association,KPNB1
VP24,physical association,SLC1A5
VP24,physical association,RAB11B
VP24,physical association,DDB1
VP24,physical association,RBBP7
VP24,physical association,LMNB1
VP24,physical association,VDAC1
VP24,physical association,HNRNPA2B1
VP24,physical association,RPS3
VP24,physical association,CAD
VP24,physical association,RPL12
VP24,physical association,DNAJA1
VP24,physical association,PHB1
VP24,physical association,RPL22
VP24,physical association,BSG
VP24,physical association,ANP32A
VP24,physical association,SLC25A3
VP24,physical association,HAX1
VP24,physical association,PGRMC1
VP24,physical association,TCERG1
VP24,physical association,KPNA5
VP24,physical association,SPTLC1
VP24,physical association,PHGDH
VP24,physical association,SPOP
VP24,physical association,PRKDC
VP24,physical association,RBBP4
VP24,physical association,TRIM28
VP24,physical association,RCN2
VP24,physical association,KPNA6
VP24,physical association,AIFM1
VP24,physical association,MBD3
VP24,physical association,TP53
VP24,physical association,RPN1
VP24,physical association,RPN2
VP24,physical association,ATP1A1
VP24,physical association,SLC25A5
VP24,physical association,TUBB
VP24,physical association,UQCRH
VP24,physical association,HSP90AB1
VP24,physical association,RPS17
VP24,physical association,HSPA1B
VP24,physical association,CALM3
VP24,physical association,H1-4
VP24,physical association,COX5B
VP24,physical association,HSPA8
VP24,physical association,PCNA
VP24,physical association,ATP2A2
VP24,physical association,TCP1
VP24,physical association,VDAC2
VP24,physical association,CCT5
VP24,physical association,TUFM
VP24,physical association,TMED10
VP24,physical association,EMD
VP24,physical association,RAB7A
VP24,physical association,SSR4
VP24,physical association,KPNA1
VP24,physical association,RPS20
VP24,physical association,LYZ
VP24,physical association,HNRNPK
VP24,physical association,GNB2
VP24,physical association,GATAD2A
VP24,physical association,BACC1
VP24,physical association,KLHL7
VP24,physical association,CCAR2
VP24,physical association,ANP32B
VP24,physical association,USP9X
VP24,physical association,FAF2
VP35,physical association,DYNLL2
VP35,physical association,PGAM5
VP35,physical association,ZNF512
VP35,physical association,CDC5L
VP35,physical association,POP1
VP35,physical association,MYBBP1A
VP35,physical association,CHLSN
VP35,physical association,LLPH
VP35,physical association,GNL3
VP35,physical association,RBM4
VP35,physical association,GTPBP4
VP35,physical association,DDX24
VP35,physical association,NAT10
VP35,physical association,C8ORF33
VP35,physical association,MRM3
VP35,physical association,EXOSC5
VP35,physical association,OLA1
VP35,physical association,DDX18
VP35,physical association,MYEF2
VP35,physical association,ZNF629
VP35,physical association,ABT1
VP35,physical association,EXOSC1
VP35,physical association,TBL2
VP35,physical association,GTF3C5
VP35,physical association,GTF3C3
VP35,physical association,RRP1B
VP35,physical association,SART3
VP35,physical association,TSR1
VP35,physical association,MAP7D1
VP35,physical association,EXOSC6
VP35,physical association,GPATCH4
VP35,physical association,EDC4
VP35,physical association,TRMT1L
VP35,physical association,FBL
VP35,physical association,RFC4
VP35,physical association,RBM34
VP35,physical association,POLR1G
VP35,physical association,EXOSC10
VP35,physical association,GTF3C1
VP35,physical association,GRSF1
VP35,physical association,PWP1
VP35,physical association,GNL2
VP35,physical association,BYSL
VP35,physical association,RRP9
VP35,physical association,NPM3
VP35,physical association,POLR1A
VP35,physical association,H1-0
VP35,physical association,ADAR
VP35,physical association,RPS29
VP35,physical association,RPS15
VP35,physical association,RPL39
VP35,physical association,RPS27A
VP35,physical association,PPP2R2A
VP35,physical association,DYNLL1
VP35,physical association,SPATS2
VP35,physical association,FTSJ3
VP35,physical association,DDX54
VP35,physical association,DNAJC9
VP35,physical association,BORCS7
VP40,physical association,NEDD4
VP40,physical association,SEC24C
VP30,physical association,PTCD3
VP30,physical association,YTHDC1
VP30,physical association,QKI
VP30,physical association,HNRNPUL1
VP30,physical association,MRPL4
VP30,physical association,WDR33
VP30,physical association,XRN2
VP30,physical association,PNN
VP30,physical association,NCOA5
VP30,physical association,FAM120A
VP30,physical association,CPSF2
VP30,physical association,ATXN10
VP30,physical association,CPSF3
VP30,physical association,ZC3H4
VP30,physical association,MRPS17
VP30,physical association,MRPS23
VP30,physical association,RBM8A
VP30,physical association,MRPS18B
VP30,physical association,WTAP
VP30,physical association,RNPS1
VP30,physical association,SAFB
VP30,physical association,ZNF326
VP30,physical association,PABPC1L2B
VP30,physical association,LARP1
VP30,physical association,FIP1L1
VP30,physical association,PTBP1
VP30,physical association,RBMX
VP30,physical association,NKRF
VP30,physical association,CASC3
VP30,physical association,MRPS22
VP30,physical association,MRPS10
VP30,physical association,MRPS35
VP30,physical association,MRPS5
VP30,physical association,MRPS11
VP30,physical association,MRPS21
VP30,physical association,MRPS9
VP30,physical association,KMT2A
VP30,physical association,CPSF1
VP30,physical association,SAFB2
VP30,physical association,MRPS14
VP30,physical association,SRSF10
VP30,physical association,SNRPC
VP30,physical association,HNRNPL
VP30,physical association,MATR3
VP30,physical association,RBBP6
VP30,physical association,PEG10
VP30,physical association,ZC3H18
VP30,physical association,CCAR2
VP30,physical association,MRPL43
VP30,physical association,GADD45GIP1
VP30,physical association,MRPS31
NP,physical association,AP1M1
NP,physical association,PDCD2
NP,physical association,GRN
NP,physical association,RO60
VP40,physical association,REXO5
VP40,physical association,TIMM8B
VP40,physical association,TIMM13
VP40,physical association,PARP10
VP40,physical association,TIMM8A
